real(0),real(1),real(2),real(3),real(4),real(5),real(6),observed(0),observed(1),observed(2),observed(3),observed(4),observed(5),observed(6),digit(0),digit(1),digit(2),digit(3),digit(4),digit(5),digit(6),digit(7),digit(8),digit(9)
1,1,1,1,1,1,1,1,1,1,1,1,1,1,0,0,0,0,0,0,0,0,1,0
0,0,1,0,0,1,0,0,0,1,0,1,1,0,0,1,0,0,0,0,0,0,0,0
0,0,1,0,0,1,0,0,0,1,0,0,1,0,0,1,0,0,0,0,0,0,0,0
1,1,1,0,1,1,1,1,1,1,0,1,1,1,1,0,0,0,0,0,0,0,0,0
1,1,0,1,1,1,1,1,1,0,1,1,1,1,0,0,0,0,0,0,1,0,0,0
0,1,1,1,0,1,0,0,1,1,1,0,1,0,0,0,0,0,1,0,0,0,0,0
1,0,1,0,0,1,0,1,0,1,0,0,1,0,0,0,0,0,0,0,0,1,0,0
1,0,1,1,0,1,1,1,0,1,1,0,1,1,0,0,0,1,0,0,0,0,0,0
1,1,0,1,0,1,1,1,1,0,1,0,1,1,0,0,0,0,0,1,0,0,0,0
0,0,1,0,0,1,0,0,0,1,0,0,1,0,0,1,0,0,0,0,0,0,0,0
1,1,0,1,0,1,1,1,1,0,1,0,1,1,0,0,0,0,0,1,0,0,0,0
1,0,1,1,1,0,1,1,0,1,1,1,0,1,0,0,1,0,0,0,0,0,0,0
0,0,1,0,0,1,0,0,0,1,0,0,1,0,0,1,0,0,0,0,0,0,0,0
0,1,1,1,0,1,0,0,1,0,1,0,1,0,0,0,0,0,1,0,0,0,0,0
1,1,1,1,0,1,0,1,1,1,1,0,1,0,0,0,0,0,0,0,0,0,0,1
1,1,1,1,0,1,0,1,1,1,1,0,1,0,0,0,0,0,0,0,0,0,0,1
1,0,1,1,0,1,1,1,0,1,1,0,1,0,0,0,0,1,0,0,0,0,0,0
1,1,1,1,0,1,0,1,1,1,1,0,1,0,0,0,0,0,0,0,0,0,0,1
1,1,0,1,0,1,1,1,1,0,1,0,1,1,0,0,0,0,0,1,0,0,0,0
1,0,1,1,1,0,1,1,0,1,1,1,0,1,0,0,1,0,0,0,0,0,0,0
1,1,0,1,0,1,1,1,1,0,1,0,1,1,0,0,0,0,0,1,0,0,0,0
1,0,1,0,0,1,0,1,0,1,0,0,1,0,0,0,0,0,0,0,0,1,0,0
1,1,0,1,1,1,1,1,1,1,1,1,1,1,0,0,0,0,0,0,1,0,0,0
1,0,1,0,0,1,0,1,0,1,0,0,1,0,0,0,0,0,0,0,0,1,0,0
1,1,0,1,0,1,1,1,1,0,1,0,1,1,0,0,0,0,0,1,0,0,0,0
1,0,1,1,1,0,1,1,0,1,1,1,0,1,0,0,1,0,0,0,0,0,0,0
1,1,1,1,0,1,0,1,1,1,1,0,1,0,0,0,0,0,0,0,0,0,0,1
1,1,0,1,1,1,1,1,1,0,1,1,1,1,0,0,0,0,0,0,1,0,0,0
1,0,1,0,0,1,0,1,0,1,0,0,1,0,0,0,0,0,0,0,0,1,0,0
1,1,1,1,1,1,1,1,1,1,1,1,1,0,0,0,0,0,0,0,0,0,1,0
1,1,0,1,1,1,1,1,1,0,0,1,0,1,0,0,0,0,0,0,1,0,0,0
1,1,0,1,0,1,1,1,1,1,1,0,1,1,0,0,0,0,0,1,0,0,0,0
0,1,1,1,0,1,0,0,1,1,1,0,1,0,0,0,0,0,1,0,0,0,0,0
1,1,0,1,1,1,1,1,1,0,1,1,0,1,0,0,0,0,0,0,1,0,0,0
0,1,1,1,0,1,0,0,1,1,1,0,1,0,0,0,0,0,1,0,0,0,0,0
1,1,0,1,1,1,1,1,1,0,1,1,1,1,0,0,0,0,0,0,1,0,0,0
1,1,1,1,0,1,0,1,1,1,1,0,1,1,0,0,0,0,0,0,0,0,0,1
1,1,1,1,0,1,0,0,1,1,1,0,1,0,0,0,0,0,0,0,0,0,0,1
1,1,1,1,0,1,0,1,1,1,1,0,0,0,0,0,0,0,0,0,0,0,0,1
1,0,1,1,0,1,1,1,0,1,0,0,1,1,0,0,0,1,0,0,0,0,0,0
1,1,1,0,1,1,1,1,1,1,0,1,1,1,1,0,0,0,0,0,0,0,0,0
1,1,1,1,0,1,0,1,1,1,1,0,1,0,0,0,0,0,0,0,0,0,0,1
1,0,1,1,1,0,1,0,0,1,1,1,0,1,0,0,1,0,0,0,0,0,0,0
0,1,1,1,0,1,0,0,1,1,1,0,1,0,0,0,0,0,1,0,0,0,0,0
1,1,1,1,0,1,0,1,1,1,1,0,1,0,0,0,0,0,0,0,0,0,0,1
0,1,1,1,0,1,0,0,0,1,1,1,1,0,0,0,0,0,1,0,0,0,0,0
1,1,0,1,0,1,1,0,1,1,1,1,1,1,0,0,0,0,0,1,0,0,0,0
0,0,1,0,0,1,0,0,0,1,0,0,1,0,0,1,0,0,0,0,0,0,0,0
1,1,1,1,1,1,1,1,1,1,1,1,1,1,0,0,0,0,0,0,0,0,1,0
0,0,1,0,0,1,0,0,0,1,0,0,1,0,0,1,0,0,0,0,0,0,0,0
1,1,1,1,0,1,0,1,1,1,0,0,1,0,0,0,0,0,0,0,0,0,0,1
1,0,1,1,0,1,1,1,0,1,1,0,1,1,0,0,0,1,0,0,0,0,0,0
0,0,1,0,0,1,0,0,0,1,0,0,1,0,0,1,0,0,0,0,0,0,0,0
1,0,1,1,1,0,1,1,0,1,1,1,0,1,0,0,1,0,0,0,0,0,0,0
1,1,1,1,0,1,0,1,1,1,1,0,1,0,0,0,0,0,0,0,0,0,0,1
1,1,1,0,1,1,1,1,1,1,0,1,1,1,1,0,0,0,0,0,0,0,0,0
1,0,1,1,0,1,1,1,0,1,1,0,1,0,0,0,0,1,0,0,0,0,0,0
0,0,1,0,0,1,0,0,0,1,0,1,1,0,0,1,0,0,0,0,0,0,0,0
1,1,1,0,1,1,1,1,1,1,0,1,1,0,1,0,0,0,0,0,0,0,0,0
1,1,1,1,0,1,0,1,1,1,1,0,1,0,0,0,0,0,0,0,0,0,0,1
0,0,1,0,0,1,0,1,0,1,0,0,1,0,0,1,0,0,0,0,0,0,0,0
1,1,1,1,0,1,0,1,1,1,1,1,1,0,0,0,0,0,0,0,0,0,0,1
1,0,1,1,0,1,1,1,0,1,1,0,0,1,0,0,0,1,0,0,0,0,0,0
1,1,1,1,1,1,1,1,1,1,1,1,1,1,0,0,0,0,0,0,0,0,1,0
0,1,1,1,0,1,0,0,1,1,1,0,1,0,0,0,0,0,1,0,0,0,0,0
1,1,0,1,1,1,1,1,1,0,1,1,1,1,0,0,0,0,0,0,1,0,0,0
1,0,1,1,0,1,1,1,0,1,1,0,1,1,0,0,0,1,0,0,0,0,0,0
1,1,1,1,0,1,0,1,1,1,1,1,1,0,0,0,0,0,0,0,0,0,0,1
0,1,1,1,0,1,0,0,1,1,1,0,1,0,0,0,0,0,1,0,0,0,0,0
1,0,1,0,0,1,0,1,0,1,0,0,1,0,0,0,0,0,0,0,0,1,0,0
1,1,1,1,0,1,0,1,1,1,1,0,1,0,0,0,0,0,0,0,0,0,0,1
1,1,0,1,1,1,1,1,1,0,1,1,1,1,0,0,0,0,0,0,1,0,0,0
1,1,1,0,1,1,1,1,1,1,0,1,1,1,1,0,0,0,0,0,0,0,0,0
1,1,0,1,1,1,1,1,1,0,1,1,1,1,0,0,0,0,0,0,1,0,0,0
1,1,1,0,1,1,1,1,1,1,0,1,1,1,1,0,0,0,0,0,0,0,0,0
1,0,1,0,0,1,0,1,0,1,0,0,1,0,0,0,0,0,0,0,0,1,0,0
1,1,0,1,1,1,1,1,0,0,1,1,1,1,0,0,0,0,0,0,1,0,0,0
1,1,1,1,0,1,0,1,1,1,1,0,1,0,0,0,0,0,0,0,0,0,0,1
1,1,0,1,0,1,1,1,1,0,1,0,1,1,0,0,0,0,0,1,0,0,0,0
1,1,1,0,1,1,1,1,1,1,0,1,1,1,1,0,0,0,0,0,0,0,0,0
1,1,1,0,1,1,1,1,1,1,0,1,1,1,1,0,0,0,0,0,0,0,0,0
0,0,1,0,0,1,0,0,1,1,0,0,1,0,0,1,0,0,0,0,0,0,0,0
1,1,1,1,1,1,1,1,1,1,1,1,1,1,0,0,0,0,0,0,0,0,1,0
1,1,0,1,0,1,1,1,1,0,1,0,1,1,0,0,0,0,0,1,0,0,0,0
1,1,0,1,0,1,1,1,1,0,1,0,1,1,0,0,0,0,0,1,0,0,0,0
1,0,1,1,0,1,1,0,0,1,1,0,1,1,0,0,0,1,0,0,0,0,0,0
1,0,1,1,0,1,1,1,1,1,1,0,1,1,0,0,0,1,0,0,0,0,0,0
0,1,1,1,0,1,0,0,1,1,1,0,1,0,0,0,0,0,1,0,0,0,0,0
1,0,1,1,0,1,1,1,0,1,1,0,1,1,0,0,0,1,0,0,0,0,0,0
1,1,0,1,1,1,1,1,1,1,1,1,1,1,0,0,0,0,0,0,1,0,0,0
1,1,1,1,1,1,1,1,1,1,1,1,1,1,0,0,0,0,0,0,0,0,1,0
1,1,1,1,0,1,0,1,1,1,1,0,1,0,0,0,0,0,0,0,0,0,0,1
1,1,1,1,1,1,1,1,1,1,1,1,0,1,0,0,0,0,0,0,0,0,1,0
1,1,1,1,1,1,1,1,1,1,1,1,0,1,0,0,0,0,0,0,0,0,1,0
0,1,1,1,0,1,0,0,1,1,1,0,1,0,0,0,0,0,1,0,0,0,0,0
1,1,1,1,0,1,0,1,1,1,1,0,1,0,0,0,0,0,0,0,0,0,0,1
1,1,1,1,1,1,1,1,1,1,1,1,1,1,0,0,0,0,0,0,0,0,1,0
0,0,1,0,0,1,0,0,0,1,0,0,1,0,0,1,0,0,0,0,0,0,0,0
1,1,1,1,0,1,0,1,1,1,1,0,1,0,0,0,0,0,0,0,0,0,0,1
1,1,1,1,0,1,0,1,1,1,1,0,1,1,0,0,0,0,0,0,0,0,0,1
0,1,1,1,0,1,0,0,1,1,1,0,1,0,0,0,0,0,1,0,0,0,0,0
1,1,1,1,0,1,0,1,1,1,0,0,1,0,0,0,0,0,0,0,0,0,0,1
1,1,0,1,1,1,1,1,1,0,1,1,1,1,0,0,0,0,0,0,1,0,0,0
1,0,1,1,1,0,1,1,0,0,1,1,0,1,0,0,1,0,0,0,0,0,0,0
0,1,1,1,0,1,0,0,0,1,1,0,1,0,0,0,0,0,1,0,0,0,0,0
1,1,1,1,0,1,0,1,1,1,1,0,1,0,0,0,0,0,0,0,0,0,0,1
1,1,1,1,0,1,0,1,1,1,1,0,1,0,0,0,0,0,0,0,0,0,0,1
1,1,1,0,1,1,1,1,1,1,0,1,1,1,1,0,0,0,0,0,0,0,0,0
1,1,1,1,0,1,0,1,1,1,1,0,1,0,0,0,0,0,0,0,0,0,0,1
1,1,1,1,0,1,0,1,1,1,1,0,1,0,0,0,0,0,0,0,0,0,0,1
1,1,1,0,1,1,1,1,1,1,0,1,1,1,1,0,0,0,0,0,0,0,0,0
1,0,1,1,0,1,1,1,0,1,1,0,1,1,0,0,0,1,0,0,0,0,0,0
1,1,1,1,0,1,0,1,1,1,1,0,1,0,0,0,0,0,0,0,0,0,0,1
1,1,0,1,0,1,1,1,1,0,1,0,1,1,0,0,0,0,0,1,0,0,0,0
0,1,1,1,0,1,0,0,1,1,1,0,1,0,0,0,0,0,1,0,0,0,0,0
1,0,1,0,0,1,0,1,0,1,0,0,1,0,0,0,0,0,0,0,0,1,0,0
1,1,1,0,1,1,1,1,1,1,0,1,1,1,1,0,0,0,0,0,0,0,0,0
1,1,1,1,0,1,0,1,1,1,1,0,1,1,0,0,0,0,0,0,0,0,0,1
1,1,1,1,0,1,0,1,1,1,1,0,1,0,0,0,0,0,0,0,0,0,0,1
1,1,1,0,1,1,1,1,1,0,0,1,1,1,1,0,0,0,0,0,0,0,0,0
1,0,1,1,0,1,1,1,0,1,1,0,1,1,0,0,0,1,0,0,0,0,0,0
1,1,1,1,0,1,0,1,1,1,1,0,1,0,0,0,0,0,0,0,0,0,0,1
1,1,1,1,0,1,0,1,1,1,1,0,1,0,0,0,0,0,0,0,0,0,0,1
1,0,1,0,0,1,0,1,0,1,0,0,1,0,0,0,0,0,0,0,0,1,0,0
1,1,1,1,1,1,1,1,1,0,1,1,1,1,0,0,0,0,0,0,0,0,1,0
1,1,1,1,0,1,0,1,1,1,1,0,1,0,0,0,0,0,0,0,0,0,0,1
1,1,1,1,1,1,1,1,1,1,1,1,1,1,0,0,0,0,0,0,0,0,1,0
1,1,1,1,1,1,1,1,1,1,1,1,1,1,0,0,0,0,0,0,0,0,1,0
1,1,0,1,0,1,1,1,1,0,1,0,1,1,0,0,0,0,0,1,0,0,0,0
1,0,1,0,0,1,0,1,0,1,0,0,1,0,0,0,0,0,0,0,0,1,0,0
1,1,1,1,1,1,1,1,1,1,1,1,1,1,0,0,0,0,0,0,0,0,1,0
1,1,1,1,0,1,0,1,1,1,1,1,1,1,0,0,0,0,0,0,0,0,0,1
1,0,1,1,0,1,1,1,0,1,1,0,1,1,0,0,0,1,0,0,0,0,0,0
1,1,0,1,0,1,1,0,1,0,1,0,1,1,0,0,0,0,0,1,0,0,0,0
1,1,1,1,0,1,0,0,1,1,1,0,1,0,0,0,0,0,0,0,0,0,0,1
1,1,0,1,1,1,1,1,1,0,1,1,1,1,0,0,0,0,0,0,1,0,0,0
1,0,1,1,1,0,1,1,0,1,1,1,0,1,0,0,1,0,0,0,0,0,0,0
1,1,0,1,0,1,1,1,1,0,1,0,1,1,0,0,0,0,0,1,0,0,0,0
1,0,1,0,0,1,0,1,0,1,0,0,1,0,0,0,0,0,0,0,0,1,0,0
1,0,1,1,0,1,1,0,0,1,1,0,1,1,0,0,0,1,0,0,0,0,0,0
1,1,1,1,0,1,0,1,1,1,1,0,1,0,0,0,0,0,0,0,0,0,0,1
1,1,1,1,0,1,0,1,1,1,1,0,1,0,0,0,0,0,0,0,0,0,0,1
0,0,1,0,0,1,0,0,0,1,0,0,1,0,0,1,0,0,0,0,0,0,0,0
1,1,1,1,0,1,0,1,1,1,1,0,1,0,0,0,0,0,0,0,0,0,0,1
0,1,1,1,0,1,0,0,1,1,1,0,1,0,0,0,0,0,1,0,0,0,0,0
0,0,1,0,0,1,0,0,1,1,0,0,1,0,0,1,0,0,0,0,0,0,0,0
1,1,1,1,0,1,0,1,1,1,1,0,1,0,0,0,0,0,0,0,0,0,0,1
0,0,1,0,0,1,0,0,0,1,0,0,1,0,0,1,0,0,0,0,0,0,0,0
0,1,1,1,0,1,0,0,1,1,1,0,1,1,0,0,0,0,1,0,0,0,0,0
1,1,0,1,1,1,1,1,1,0,1,1,1,1,0,0,0,0,0,0,1,0,0,0
1,0,1,0,0,1,0,1,1,1,0,0,1,1,0,0,0,0,0,0,0,1,0,0
1,1,0,1,1,1,1,1,1,0,1,1,1,1,0,0,0,0,0,0,1,0,0,0
1,0,1,0,0,1,0,1,0,1,0,0,1,0,0,0,0,0,0,0,0,1,0,0
1,1,1,1,1,1,1,1,1,1,1,1,1,1,0,0,0,0,0,0,0,0,1,0
1,1,1,1,0,1,0,1,1,1,1,0,1,0,0,0,0,0,0,0,0,0,0,1
1,1,1,0,1,1,1,1,1,1,0,1,1,1,1,0,0,0,0,0,0,0,0,0
1,1,1,0,1,1,1,1,1,1,0,1,1,1,1,0,0,0,0,0,0,0,0,0
1,0,1,1,1,0,1,1,0,1,1,1,0,0,0,0,1,0,0,0,0,0,0,0
1,0,1,1,1,0,1,1,1,1,1,1,0,1,0,0,1,0,0,0,0,0,0,0
0,0,1,0,0,1,0,0,1,1,0,0,1,0,0,1,0,0,0,0,0,0,0,0
1,1,1,1,0,1,0,1,1,0,1,0,1,0,0,0,0,0,0,0,0,0,0,1
0,0,1,0,0,1,0,0,0,1,0,0,1,0,0,1,0,0,0,0,0,0,0,0
1,0,1,1,1,0,1,1,0,1,1,1,0,0,0,0,1,0,0,0,0,0,0,0
1,1,1,1,0,1,0,1,1,1,1,0,1,0,0,0,0,0,0,0,0,0,0,1
1,0,1,1,1,0,1,1,0,1,1,1,0,1,0,0,1,0,0,0,0,0,0,0
0,1,1,1,0,1,0,0,1,1,1,0,1,0,0,0,0,0,1,0,0,0,0,0
1,1,1,1,0,1,0,1,1,1,1,0,1,0,0,0,0,0,0,0,0,0,0,1
0,0,1,0,0,1,0,0,0,1,0,0,1,0,0,1,0,0,0,0,0,0,0,0
1,1,0,1,1,1,1,1,1,0,1,1,1,1,0,0,0,0,0,0,1,0,0,0
1,0,1,1,1,0,1,1,0,1,1,1,0,1,0,0,1,0,0,0,0,0,0,0
1,0,1,0,0,1,0,1,0,1,0,0,1,0,0,0,0,0,0,0,0,1,0,0
1,1,1,1,0,1,0,1,1,1,1,0,1,0,0,0,0,0,0,0,0,0,0,1
1,1,0,1,1,1,1,1,1,0,1,1,1,1,0,0,0,0,0,0,1,0,0,0
1,1,1,1,0,1,0,1,0,1,1,0,1,0,0,0,0,0,0,0,0,0,0,1
1,1,0,1,1,1,1,1,1,0,1,1,1,1,0,0,0,0,0,0,1,0,0,0
1,0,1,0,0,1,0,1,0,1,0,0,1,0,0,0,0,0,0,0,0,1,0,0
1,1,1,1,0,1,0,1,1,1,1,0,1,0,0,0,0,0,0,0,0,0,0,1
1,1,0,1,1,1,1,1,1,0,1,1,1,1,0,0,0,0,0,0,1,0,0,0
0,1,1,1,0,1,0,0,1,1,1,0,0,1,0,0,0,0,1,0,0,0,0,0
1,0,1,1,0,1,1,1,0,1,1,0,1,1,0,0,0,1,0,0,0,0,0,0
1,1,1,0,1,1,1,1,1,1,0,1,1,1,1,0,0,0,0,0,0,0,0,0
1,0,1,1,1,0,1,1,0,1,1,1,0,1,0,0,1,0,0,0,0,0,0,0
1,1,1,1,1,1,1,1,1,1,1,1,1,1,0,0,0,0,0,0,0,0,1,0
1,0,1,1,1,0,1,0,0,1,1,1,0,1,0,0,1,0,0,0,0,0,0,0
1,1,0,1,0,1,1,1,1,0,1,0,1,1,0,0,0,0,0,1,0,0,0,0
0,0,1,0,0,1,0,0,0,1,0,0,1,0,0,1,0,0,0,0,0,0,0,0
1,1,1,1,1,1,1,1,1,1,0,1,0,1,0,0,0,0,0,0,0,0,1,0
1,1,1,1,1,1,1,1,1,1,1,0,1,1,0,0,0,0,0,0,0,0,1,0
1,0,1,0,0,1,0,1,0,1,1,0,1,0,0,0,0,0,0,0,0,1,0,0
1,1,1,1,0,1,0,1,1,1,1,0,1,1,0,0,0,0,0,0,0,0,0,1
1,1,1,1,1,1,1,1,1,1,1,1,1,1,0,0,0,0,0,0,0,0,1,0
1,1,1,1,0,1,0,1,1,1,1,0,1,0,0,0,0,0,0,0,0,0,0,1
1,0,1,0,0,1,0,1,0,1,0,0,1,0,0,0,0,0,0,0,0,1,0,0
1,1,1,1,0,1,0,1,1,1,1,0,1,0,0,0,0,0,0,0,0,0,0,1
1,1,1,1,0,1,0,1,1,1,1,0,1,0,0,0,0,0,0,0,0,0,0,1
1,1,1,1,0,1,0,1,1,1,1,0,1,0,0,0,0,0,0,0,0,0,0,1
1,0,1,1,0,1,1,1,0,1,1,0,1,1,0,0,0,1,0,0,0,0,0,0
1,1,1,1,0,1,0,1,0,1,1,0,1,0,0,0,0,0,0,0,0,0,0,1
1,0,1,0,0,1,0,1,0,1,0,0,1,0,0,0,0,0,0,0,0,1,0,0
1,0,1,0,0,1,0,1,0,1,0,0,1,0,0,0,0,0,0,0,0,1,0,0
1,1,0,1,0,1,1,1,1,0,1,0,1,1,0,0,0,0,0,1,0,0,0,0
0,0,1,0,0,1,0,0,0,1,0,0,1,0,0,1,0,0,0,0,0,0,0,0
0,1,1,1,0,1,0,0,1,1,1,0,1,0,0,0,0,0,1,0,0,0,0,0
1,1,0,1,0,1,1,1,1,0,1,0,1,1,0,0,0,0,0,1,0,0,0,0
1,0,1,0,0,1,0,1,0,0,0,0,1,0,0,0,0,0,0,0,0,1,0,0
1,0,1,0,0,1,0,1,0,1,0,0,1,0,0,0,0,0,0,0,0,1,0,0
1,1,0,1,1,1,1,1,1,0,1,0,1,1,0,0,0,0,0,0,1,0,0,0
1,0,1,1,1,0,1,1,0,1,1,1,0,1,0,0,1,0,0,0,0,0,0,0
0,1,1,1,0,1,0,0,1,1,1,0,0,0,0,0,0,0,1,0,0,0,0,0
1,0,1,0,0,1,0,1,0,1,0,0,1,0,0,0,0,0,0,0,0,1,0,0
1,1,0,1,1,1,1,1,1,0,1,0,1,1,0,0,0,0,0,0,1,0,0,0
1,1,0,1,1,1,1,1,1,0,1,1,1,1,0,0,0,0,0,0,1,0,0,0
1,0,1,1,1,0,1,1,0,0,1,1,0,1,0,0,1,0,0,0,0,0,0,0
1,1,1,1,0,1,0,1,0,1,1,0,1,0,0,0,0,0,0,0,0,0,0,1
1,1,1,1,0,1,0,1,1,1,1,0,1,0,0,0,0,0,0,0,0,0,0,1
0,0,1,0,0,1,0,0,0,1,0,0,0,0,0,1,0,0,0,0,0,0,0,0
0,0,1,0,0,1,0,0,0,1,0,0,1,0,0,1,0,0,0,0,0,0,0,0
1,1,1,1,0,1,0,1,1,1,1,0,1,0,0,0,0,0,0,0,0,0,0,1
0,1,1,1,0,1,0,0,1,1,0,0,1,0,0,0,0,0,1,0,0,0,0,0
1,0,1,0,0,1,0,1,0,1,0,0,1,1,0,0,0,0,0,0,0,1,0,0
1,1,0,1,0,1,1,1,1,0,1,0,1,1,0,0,0,0,0,1,0,0,0,0
1,1,1,0,1,1,1,1,1,1,0,1,1,1,1,0,0,0,0,0,0,0,0,0
1,0,1,1,1,0,1,1,0,1,1,1,0,0,0,0,1,0,0,0,0,0,0,0
1,1,1,1,0,1,0,1,1,1,1,0,1,0,0,0,0,0,0,0,0,0,0,1
1,0,1,0,0,1,0,1,0,1,0,0,1,0,0,0,0,0,0,0,0,1,0,0
1,1,0,1,1,1,1,1,1,0,1,1,0,1,0,0,0,0,0,0,1,0,0,0
1,0,1,1,1,0,1,1,0,1,1,1,0,1,0,0,1,0,0,0,0,0,0,0
1,0,1,1,1,0,1,1,1,1,1,0,0,1,0,0,1,0,0,0,0,0,0,0
1,1,1,1,0,1,0,1,1,1,1,0,0,0,0,0,0,0,0,0,0,0,0,1
1,1,0,1,1,1,1,1,1,0,1,1,1,1,0,0,0,0,0,0,1,0,0,0
1,1,0,1,0,1,1,1,1,0,1,1,1,1,0,0,0,0,0,1,0,0,0,0
1,0,1,0,0,1,0,1,0,1,0,0,1,0,0,0,0,0,0,0,0,1,0,0
1,1,1,0,1,1,1,1,1,1,0,1,1,1,1,0,0,0,0,0,0,0,0,0
0,1,1,1,0,1,0,0,1,1,1,0,1,1,0,0,0,0,1,0,0,0,0,0
1,0,1,1,0,1,1,1,0,1,1,0,1,1,0,0,0,1,0,0,0,0,0,0
0,1,1,1,0,1,0,0,1,1,1,0,1,0,0,0,0,0,1,0,0,0,0,0
1,1,1,0,1,1,1,1,1,1,0,1,0,1,1,0,0,0,0,0,0,0,0,0
1,1,1,1,1,1,1,1,1,1,1,1,1,1,0,0,0,0,0,0,0,0,1,0
1,1,1,1,0,1,0,1,1,1,1,1,1,0,0,0,0,0,0,0,0,0,0,1
0,1,1,1,0,1,0,0,1,1,1,0,1,0,0,0,0,0,1,0,0,0,0,0
0,0,1,0,0,1,0,0,0,1,0,0,1,0,0,1,0,0,0,0,0,0,0,0
0,1,1,1,0,1,0,0,1,1,1,0,1,0,0,0,0,0,1,0,0,0,0,0
1,0,1,1,0,1,1,1,0,1,1,0,1,1,0,0,0,1,0,0,0,0,0,0
0,0,1,0,0,1,0,0,0,1,0,0,1,0,0,1,0,0,0,0,0,0,0,0
1,1,1,1,0,1,0,1,1,1,1,0,1,0,0,0,0,0,0,0,0,0,0,1
1,1,1,1,0,1,0,1,1,1,1,0,1,0,0,0,0,0,0,0,0,0,0,1
1,0,1,1,0,1,1,1,0,1,1,0,1,1,0,0,0,1,0,0,0,0,0,0
1,1,1,0,1,1,1,1,1,0,0,1,1,1,1,0,0,0,0,0,0,0,0,0
0,1,1,1,0,1,0,0,1,1,1,0,1,0,0,0,0,0,1,0,0,0,0,0
0,0,1,0,0,1,0,0,0,1,0,0,1,0,0,1,0,0,0,0,0,0,0,0
0,0,1,0,0,1,0,0,0,1,0,0,1,0,0,1,0,0,0,0,0,0,0,0
1,1,1,1,1,1,1,1,1,1,0,1,1,1,0,0,0,0,0,0,0,0,1,0
1,1,1,1,1,1,1,0,1,1,1,1,1,1,0,0,0,0,0,0,0,0,1,0
1,1,1,0,1,1,1,1,1,1,0,1,1,1,1,0,0,0,0,0,0,0,0,0
1,0,1,0,0,1,0,1,0,1,0,0,1,0,0,0,0,0,0,0,0,1,0,0
1,1,0,1,1,1,1,1,1,0,1,1,1,1,0,0,0,0,0,0,1,0,0,0
0,0,1,0,0,1,0,0,0,1,0,0,1,0,0,1,0,0,0,0,0,0,0,0
1,1,1,1,1,1,1,1,1,1,1,1,0,1,0,0,0,0,0,0,0,0,1,0
1,1,1,0,1,1,1,1,1,0,0,1,1,1,1,0,0,0,0,0,0,0,0,0
1,0,1,0,0,1,0,1,0,1,0,0,1,0,0,0,0,0,0,0,0,1,0,0
1,1,1,1,0,1,0,1,1,1,1,0,1,0,0,0,0,0,0,0,0,0,0,1
1,1,0,1,1,1,1,1,1,0,1,1,1,1,0,0,0,0,0,0,1,0,0,0
1,1,0,1,0,1,1,1,1,0,0,0,1,0,0,0,0,0,0,1,0,0,0,0
1,1,1,1,1,1,1,1,1,1,1,1,1,1,0,0,0,0,0,0,0,0,1,0
1,1,0,1,1,1,1,1,0,0,1,1,1,1,0,0,0,0,0,0,1,0,0,0
1,1,1,1,0,1,0,1,1,1,1,0,1,0,0,0,0,0,0,0,0,0,0,1
0,1,1,1,0,1,0,0,1,1,1,0,1,0,0,0,0,0,1,0,0,0,0,0
1,1,0,1,0,1,1,1,1,0,1,0,0,0,0,0,0,0,0,1,0,0,0,0
1,1,1,0,1,1,1,1,1,1,0,1,0,1,1,0,0,0,0,0,0,0,0,0
1,0,1,0,0,1,0,1,0,1,0,0,1,0,0,0,0,0,0,0,0,1,0,0
1,1,1,1,0,1,0,1,1,1,1,0,1,0,0,0,0,0,0,0,0,0,0,1
1,0,1,1,1,0,1,1,0,1,1,1,0,1,0,0,1,0,0,0,0,0,0,0
1,1,1,0,1,1,1,1,1,1,0,1,1,1,1,0,0,0,0,0,0,0,0,0
0,0,1,0,0,1,0,0,1,1,0,1,1,0,0,1,0,0,0,0,0,0,0,0
0,1,1,1,0,1,0,0,1,1,1,0,1,0,0,0,0,0,1,0,0,0,0,0
1,1,1,1,1,1,1,1,1,1,1,1,1,1,0,0,0,0,0,0,0,0,1,0
1,1,1,1,0,1,0,1,1,1,1,0,1,0,0,0,0,0,0,0,0,0,0,1
1,1,1,1,0,1,0,1,1,1,1,0,1,0,0,0,0,0,0,0,0,0,0,1
0,0,1,0,0,1,0,0,1,1,0,1,1,0,0,1,0,0,0,0,0,0,0,0
0,1,1,1,0,1,0,0,1,1,1,0,1,0,0,0,0,0,1,0,0,0,0,0
1,0,1,1,1,0,1,1,0,1,1,1,0,1,0,0,1,0,0,0,0,0,0,0
1,1,1,0,1,1,1,1,1,1,0,1,1,1,1,0,0,0,0,0,0,0,0,0
1,1,1,1,1,1,1,1,1,1,1,1,1,1,0,0,0,0,0,0,0,0,1,0
1,1,1,1,0,1,0,0,1,1,1,0,1,0,0,0,0,0,0,0,0,0,0,1
0,1,1,1,0,1,0,0,1,1,1,0,1,0,0,0,0,0,1,0,0,0,0,0
1,1,1,1,1,1,1,1,1,1,1,1,1,1,0,0,0,0,0,0,0,0,1,0
1,0,1,1,0,1,1,1,0,1,1,0,1,1,0,0,0,1,0,0,0,0,0,0
1,0,1,0,0,1,0,1,0,1,0,0,1,0,0,0,0,0,0,0,0,1,0,0
0,1,1,1,0,1,0,0,0,1,1,0,1,0,0,0,0,0,1,0,0,0,0,0
0,0,1,0,0,1,0,0,0,1,0,0,1,0,0,1,0,0,0,0,0,0,0,0
1,1,0,1,1,1,1,0,1,0,1,1,1,1,0,0,0,0,0,0,1,0,0,0
1,0,1,1,0,1,1,1,0,1,1,0,1,1,0,0,0,1,0,0,0,0,0,0
0,1,1,1,0,1,0,0,1,1,1,0,1,0,0,0,0,0,1,0,0,0,0,0
0,1,1,1,0,1,0,0,1,1,1,0,1,0,0,0,0,0,1,0,0,0,0,0
1,1,1,0,1,1,1,1,1,1,0,0,1,0,1,0,0,0,0,0,0,0,0,0
1,0,1,0,0,1,0,1,0,1,0,0,1,0,0,0,0,0,0,0,0,1,0,0
1,1,1,1,0,1,0,1,1,1,1,0,1,0,0,0,0,0,0,0,0,0,0,1
1,0,1,1,0,1,1,1,0,1,1,0,1,1,0,0,0,1,0,0,0,0,0,0
0,1,1,1,0,1,0,0,1,1,1,0,1,0,0,0,0,0,1,0,0,0,0,0
1,1,1,1,0,1,0,1,1,1,1,0,1,1,0,0,0,0,0,0,0,0,0,1
0,0,1,0,0,1,0,0,0,1,0,0,1,0,0,1,0,0,0,0,0,0,0,0
1,0,1,0,0,1,0,1,0,1,0,0,1,0,0,0,0,0,0,0,0,1,0,0
1,1,1,1,0,1,0,1,1,1,1,0,1,0,0,0,0,0,0,0,0,0,0,1
1,1,1,0,1,1,1,1,1,1,0,1,1,0,1,0,0,0,0,0,0,0,0,0
1,0,1,1,1,0,1,1,0,1,1,1,0,1,0,0,1,0,0,0,0,0,0,0
1,1,1,0,1,1,1,1,1,1,0,1,1,1,1,0,0,0,0,0,0,0,0,0
1,0,1,0,0,1,0,0,0,1,0,0,1,0,0,0,0,0,0,0,0,1,0,0
1,1,0,1,1,1,1,1,1,0,1,1,1,1,0,0,0,0,0,0,1,0,0,0
1,1,0,1,1,1,1,1,1,0,1,1,1,1,0,0,0,0,0,0,1,0,0,0
1,1,0,1,1,1,1,1,1,0,1,1,1,1,0,0,0,0,0,0,1,0,0,0
1,1,1,0,1,1,1,1,1,1,0,0,1,1,1,0,0,0,0,0,0,0,0,0
0,1,1,1,0,1,0,0,1,1,1,0,0,0,0,0,0,0,1,0,0,0,0,0
1,0,1,1,1,0,1,1,0,1,1,1,0,1,0,0,1,0,0,0,0,0,0,0
1,1,0,1,1,1,1,1,1,0,1,1,1,1,0,0,0,0,0,0,1,0,0,0
1,0,1,0,0,1,0,1,0,1,0,0,1,0,0,0,0,0,0,0,0,1,0,0
0,0,1,0,0,1,0,0,0,1,0,0,1,0,0,1,0,0,0,0,0,0,0,0
1,1,1,0,1,1,1,1,1,1,0,1,1,1,1,0,0,0,0,0,0,0,0,0
1,0,1,1,0,1,1,1,0,1,1,0,1,1,0,0,0,1,0,0,0,0,0,0
1,0,1,1,1,0,1,1,0,1,1,1,0,0,0,0,1,0,0,0,0,0,0,0
1,1,1,1,0,1,0,0,1,1,1,0,1,1,0,0,0,0,0,0,0,0,0,1
1,1,1,1,0,1,0,1,1,1,1,0,1,0,0,0,0,0,0,0,0,0,0,1
1,0,1,0,0,1,0,1,1,1,0,0,1,0,0,0,0,0,0,0,0,1,0,0
1,1,1,1,0,1,0,1,0,1,1,0,1,0,0,0,0,0,0,0,0,0,0,1
1,0,1,1,1,0,1,1,0,1,1,1,0,0,0,0,1,0,0,0,0,0,0,0
1,1,1,1,1,1,1,1,1,1,1,1,1,1,0,0,0,0,0,0,0,0,1,0
1,1,0,1,1,1,1,1,1,0,1,1,1,1,0,0,0,0,0,0,1,0,0,0
1,1,0,1,1,1,1,1,1,0,1,1,1,1,0,0,0,0,0,0,1,0,0,0
1,1,1,1,0,1,0,1,0,1,1,0,1,0,0,0,0,0,0,0,0,0,0,1
1,0,1,0,0,1,0,1,0,1,0,0,1,0,0,0,0,0,0,0,0,1,0,0
1,1,0,1,1,1,1,1,1,0,1,1,1,1,0,0,0,0,0,0,1,0,0,0
0,0,1,0,0,1,0,0,0,1,1,0,1,0,0,1,0,0,0,0,0,0,0,0
1,1,1,0,1,1,1,1,1,1,0,1,1,1,1,0,0,0,0,0,0,0,0,0
1,0,1,1,1,0,1,1,0,1,1,1,0,1,0,0,1,0,0,0,0,0,0,0
1,0,1,0,0,1,0,1,0,1,0,0,1,0,0,0,0,0,0,0,0,1,0,0
0,1,1,1,0,1,0,0,1,0,1,0,1,0,0,0,0,0,1,0,0,0,0,0
1,1,0,1,1,1,1,1,0,0,1,1,1,1,0,0,0,0,0,0,1,0,0,0
1,1,1,1,1,1,1,1,1,1,1,1,1,1,0,0,0,0,0,0,0,0,1,0
1,0,1,1,0,1,1,1,0,1,1,0,1,0,0,0,0,1,0,0,0,0,0,0
1,1,1,1,1,1,1,1,1,1,1,1,1,1,0,0,0,0,0,0,0,0,1,0
1,0,1,0,0,1,0,1,0,1,0,0,1,0,0,0,0,0,0,0,0,1,0,0
1,1,1,1,1,1,1,1,1,1,1,1,1,1,0,0,0,0,0,0,0,0,1,0
1,1,1,1,0,1,0,1,1,1,1,0,1,0,0,0,0,0,0,0,0,0,0,1
1,1,0,1,0,1,1,1,1,0,1,0,1,1,0,0,0,0,0,1,0,0,0,0
1,0,1,1,1,0,1,1,0,1,0,1,0,1,0,0,1,0,0,0,0,0,0,0
1,0,1,0,0,1,0,1,0,1,0,0,1,0,0,0,0,0,0,0,0,1,0,0
1,1,1,1,1,1,1,1,1,1,1,1,1,1,0,0,0,0,0,0,0,0,1,0
1,0,1,0,0,1,0,1,0,1,0,0,1,0,0,0,0,0,0,0,0,1,0,0
1,1,1,1,0,1,0,1,1,1,1,0,1,0,0,0,0,0,0,0,0,0,0,1
1,0,1,1,1,0,1,1,0,1,1,1,0,1,0,0,1,0,0,0,0,0,0,0
1,1,0,1,1,1,1,1,1,0,1,1,1,1,0,0,0,0,0,0,1,0,0,0
1,1,1,1,1,1,1,0,1,0,1,1,1,1,0,0,0,0,0,0,0,0,1,0
1,1,0,1,1,1,1,1,1,0,1,1,1,1,0,0,0,0,0,0,1,0,0,0
0,1,1,1,0,1,0,0,1,1,1,0,1,0,0,0,0,0,1,0,0,0,0,0
1,1,1,1,1,1,1,1,0,0,1,1,1,1,0,0,0,0,0,0,0,0,1,0
0,1,1,1,0,1,0,0,1,0,1,0,1,0,0,0,0,0,1,0,0,0,0,0
1,1,1,0,1,1,1,1,1,1,0,1,1,1,1,0,0,0,0,0,0,0,0,0
1,0,1,1,0,1,1,1,0,1,1,0,1,1,0,0,0,1,0,0,0,0,0,0
1,1,0,1,1,1,1,1,1,0,1,1,1,1,0,0,0,0,0,0,1,0,0,0
0,0,1,0,0,1,0,0,0,0,0,0,1,0,0,1,0,0,0,0,0,0,0,0
1,0,1,0,0,1,0,1,0,1,0,0,1,0,0,0,0,0,0,0,0,1,0,0
1,0,1,1,0,1,1,1,0,1,1,0,1,1,0,0,0,1,0,0,0,0,0,0
1,1,0,1,0,1,1,1,1,0,1,0,1,1,0,0,0,0,0,1,0,0,0,0
1,0,1,1,0,1,1,1,0,1,1,0,1,1,0,0,0,1,0,0,0,0,0,0
1,1,1,0,1,1,1,1,1,1,0,1,1,1,1,0,0,0,0,0,0,0,0,0
1,1,1,1,1,1,1,1,1,1,1,0,1,1,0,0,0,0,0,0,0,0,1,0
1,0,1,1,1,0,1,1,0,1,1,0,0,1,0,0,1,0,0,0,0,0,0,0
0,0,1,0,0,1,0,0,0,1,0,0,1,0,0,1,0,0,0,0,0,0,0,0
1,0,1,1,0,1,1,1,0,1,1,0,1,1,0,0,0,1,0,0,0,0,0,0
0,1,1,1,0,1,0,0,1,1,1,0,1,0,0,0,0,0,1,0,0,0,0,0
0,1,1,1,0,1,0,0,1,1,1,0,1,0,0,0,0,0,1,0,0,0,0,0
1,1,1,0,1,1,1,1,1,1,0,1,1,1,1,0,0,0,0,0,0,0,0,0
1,1,1,1,0,1,0,1,1,1,1,0,1,0,0,0,0,0,0,0,0,0,0,1
1,1,1,1,0,1,0,1,1,0,1,0,0,0,0,0,0,0,0,0,0,0,0,1
1,1,0,1,0,1,1,1,1,0,1,0,1,1,0,0,0,0,0,1,0,0,0,0
0,1,1,1,0,1,0,0,1,1,0,0,1,0,0,0,0,0,1,0,0,0,0,0
1,1,1,0,1,1,1,1,1,1,0,1,1,1,1,0,0,0,0,0,0,0,0,0
1,1,1,1,0,1,0,1,1,1,1,0,1,0,0,0,0,0,0,0,0,0,0,1
1,0,1,1,1,0,1,1,0,1,1,1,0,1,0,0,1,0,0,0,0,0,0,0
0,0,1,0,0,1,0,0,0,1,0,0,1,0,0,1,0,0,0,0,0,0,0,0
1,1,1,1,1,1,1,1,1,1,1,1,1,1,0,0,0,0,0,0,0,0,1,0
1,0,1,1,0,1,1,1,0,1,1,0,1,0,0,0,0,1,0,0,0,0,0,0
1,0,1,1,1,0,1,1,0,1,1,1,0,0,0,0,1,0,0,0,0,0,0,0
0,0,1,0,0,1,0,0,0,1,0,0,1,0,0,1,0,0,0,0,0,0,0,0
1,1,1,0,1,1,1,1,1,1,0,1,1,1,1,0,0,0,0,0,0,0,0,0
1,0,1,0,0,1,0,1,0,1,0,0,1,0,0,0,0,0,0,0,0,1,0,0
1,1,0,1,1,1,1,1,1,1,1,1,1,1,0,0,0,0,0,0,1,0,0,0
1,0,1,0,0,1,0,1,0,1,0,0,1,0,0,0,0,0,0,0,0,1,0,0
1,1,0,1,0,1,1,1,1,0,1,0,1,1,0,0,0,0,0,1,0,0,0,0
1,0,1,1,0,1,1,1,0,1,0,0,1,1,0,0,0,1,0,0,0,0,0,0
1,1,1,1,0,1,0,1,1,1,1,0,1,0,0,0,0,0,0,0,0,0,0,1
1,1,1,1,1,1,1,1,1,1,1,1,1,1,0,0,0,0,0,0,0,0,1,0
1,0,1,1,0,1,1,0,0,1,0,0,1,1,0,0,0,1,0,0,0,0,0,0
0,0,1,0,0,1,0,0,1,1,0,0,1,0,0,1,0,0,0,0,0,0,0,0
0,0,1,0,0,1,0,0,0,1,0,0,1,0,0,1,0,0,0,0,0,0,0,0
1,1,1,1,1,1,1,1,1,1,1,1,1,1,0,0,0,0,0,0,0,0,1,0
1,0,1,1,0,1,1,1,0,1,1,0,0,1,0,0,0,1,0,0,0,0,0,0
1,1,0,1,1,1,1,1,1,0,1,0,1,1,0,0,0,0,0,0,1,0,0,0
0,0,1,0,0,1,0,0,0,1,0,0,1,0,0,1,0,0,0,0,0,0,0,0
1,0,1,1,1,0,1,1,0,1,1,1,0,1,0,0,1,0,0,0,0,0,0,0
1,1,1,1,0,1,0,1,1,1,1,0,1,1,0,0,0,0,0,0,0,0,0,1
1,0,1,0,0,1,0,1,0,0,0,0,1,0,0,0,0,0,0,0,0,1,0,0
0,0,1,0,0,1,0,0,0,1,0,0,0,0,0,1,0,0,0,0,0,0,0,0
0,1,1,1,0,1,0,1,1,1,1,0,1,0,0,0,0,0,1,0,0,0,0,0
1,1,1,1,1,1,1,1,1,1,1,1,1,1,0,0,0,0,0,0,0,0,1,0
1,1,1,1,0,1,0,1,1,1,1,0,1,0,0,0,0,0,0,0,0,0,0,1
1,1,1,1,0,1,0,1,1,1,1,1,1,0,0,0,0,0,0,0,0,0,0,1
0,0,1,0,0,1,0,0,0,1,0,0,1,0,0,1,0,0,0,0,0,0,0,0
0,1,1,1,0,1,0,0,1,1,1,0,1,0,0,0,0,0,1,0,0,0,0,0
1,0,1,1,0,1,1,1,0,1,1,0,1,1,0,0,0,1,0,0,0,0,0,0
0,0,1,0,0,1,0,0,0,1,0,0,1,0,0,1,0,0,0,0,0,0,0,0
0,0,1,0,0,1,0,0,0,1,0,0,1,0,0,1,0,0,0,0,0,0,0,0
0,0,1,0,0,1,0,1,0,1,0,0,1,0,0,1,0,0,0,0,0,0,0,0
1,1,0,1,0,1,1,1,1,0,1,0,1,1,0,0,0,0,0,1,0,0,0,0
0,1,1,1,0,1,0,0,1,1,1,0,1,0,0,0,0,0,1,0,0,0,0,0
1,1,1,0,1,1,1,1,1,1,0,1,1,1,1,0,0,0,0,0,0,0,0,0
1,1,1,1,0,1,0,1,1,1,1,0,1,0,0,0,0,0,0,0,0,0,0,1
1,1,0,1,1,1,1,1,1,0,1,1,1,1,0,0,0,0,0,0,1,0,0,0
1,0,1,0,0,1,0,1,0,1,0,0,1,0,0,0,0,0,0,0,0,1,0,0
0,1,1,1,0,1,0,0,1,1,1,1,1,0,0,0,0,0,1,0,0,0,0,0
1,0,1,1,1,0,1,1,0,1,1,1,0,1,0,0,1,0,0,0,0,0,0,0
1,1,1,1,1,1,1,1,1,1,1,1,1,1,0,0,0,0,0,0,0,0,1,0
1,1,1,1,1,1,1,1,1,1,1,1,1,1,0,0,0,0,0,0,0,0,1,0
1,0,1,0,0,1,0,1,0,1,0,0,1,0,0,0,0,0,0,0,0,1,0,0
1,1,0,1,0,1,1,1,1,0,1,0,1,1,0,0,0,0,0,1,0,0,0,0
1,1,0,1,0,1,1,1,1,0,1,0,1,1,0,0,0,0,0,1,0,0,0,0
1,1,1,1,1,1,1,1,1,1,1,1,1,1,0,0,0,0,0,0,0,0,1,0
1,1,1,1,0,1,0,0,1,1,1,0,1,0,0,0,0,0,0,0,0,0,0,1
1,1,0,1,0,1,1,1,1,0,1,0,1,1,0,0,0,0,0,1,0,0,0,0
1,1,0,1,0,1,1,1,1,0,1,0,1,1,0,0,0,0,0,1,0,0,0,0
1,0,1,1,1,0,1,1,0,1,1,1,0,0,0,0,1,0,0,0,0,0,0,0
1,1,1,1,0,1,0,1,1,1,1,0,1,0,0,0,0,0,0,0,0,0,0,1
1,0,1,1,0,1,1,1,0,1,1,0,1,1,0,0,0,1,0,0,0,0,0,0
1,1,0,1,1,1,1,0,1,0,1,1,1,1,0,0,0,0,0,0,1,0,0,0
1,0,1,0,0,1,0,1,0,1,0,0,1,0,0,0,0,0,0,0,0,1,0,0
0,0,1,0,0,1,0,0,0,1,0,0,0,0,0,1,0,0,0,0,0,0,0,0
1,0,1,1,1,0,1,1,0,0,1,1,0,1,0,0,1,0,0,0,0,0,0,0
1,1,1,1,0,1,0,1,1,1,1,0,1,0,0,0,0,0,0,0,0,0,0,1
1,1,1,1,0,1,0,1,1,1,1,0,1,1,0,0,0,0,0,0,0,0,0,1
1,0,1,0,0,1,0,1,0,1,0,0,1,0,0,0,0,0,0,0,0,1,0,0
1,0,1,1,0,1,1,1,0,1,1,0,1,1,0,0,0,1,0,0,0,0,0,0
1,1,1,1,1,1,1,1,1,1,1,1,1,1,0,0,0,0,0,0,0,0,1,0
1,1,0,1,0,1,1,1,1,0,1,0,1,1,0,0,0,0,0,1,0,0,0,0
0,1,1,1,0,1,0,0,1,1,1,0,1,1,0,0,0,0,1,0,0,0,0,0
1,1,1,0,1,1,1,1,1,1,0,1,1,1,1,0,0,0,0,0,0,0,0,0
0,1,1,1,0,1,0,0,1,1,1,0,1,0,0,0,0,0,1,0,0,0,0,0
0,1,1,1,0,1,0,0,1,1,1,0,1,0,0,0,0,0,1,0,0,0,0,0
1,1,0,1,0,1,1,0,1,0,1,0,1,1,0,0,0,0,0,1,0,0,0,0
1,0,1,0,0,1,0,1,0,1,0,0,1,0,0,0,0,0,0,0,0,1,0,0
1,1,1,0,1,1,1,1,1,1,0,1,1,1,1,0,0,0,0,0,0,0,0,0
0,0,1,0,0,1,0,0,0,1,0,0,1,0,0,1,0,0,0,0,0,0,0,0
1,0,1,0,0,1,0,1,0,1,0,0,1,0,0,0,0,0,0,0,0,1,0,0
1,1,1,1,1,1,1,1,0,1,1,1,1,1,0,0,0,0,0,0,0,0,1,0
1,1,1,1,0,1,0,1,1,1,1,0,1,0,0,0,0,0,0,0,0,0,0,1
1,0,1,1,0,1,1,1,0,1,1,0,1,1,0,0,0,1,0,0,0,0,0,0
1,0,1,1,0,1,1,1,0,1,1,0,1,1,0,0,0,1,0,0,0,0,0,0
1,1,0,1,1,1,1,0,1,0,1,1,1,1,0,0,0,0,0,0,1,0,0,0
1,0,1,1,1,0,1,1,0,1,1,1,0,1,0,0,1,0,0,0,0,0,0,0
0,1,1,1,0,1,0,0,1,1,1,0,1,0,0,0,0,0,1,0,0,0,0,0
1,0,1,1,1,0,1,1,0,1,1,1,0,1,0,0,1,0,0,0,0,0,0,0
1,1,0,1,1,1,1,1,1,0,1,1,1,1,0,0,0,0,0,0,1,0,0,0
0,1,1,1,0,1,0,0,0,1,1,0,1,0,0,0,0,0,1,0,0,0,0,0
1,1,0,1,0,1,1,1,1,0,1,0,1,1,0,0,0,0,0,1,0,0,0,0
1,1,1,1,0,1,0,1,1,1,1,0,1,0,0,0,0,0,0,0,0,0,0,1
1,1,1,0,1,1,1,1,1,1,0,1,0,0,1,0,0,0,0,0,0,0,0,0
1,1,1,1,0,1,0,1,1,1,1,1,1,0,0,0,0,0,0,0,0,0,0,1
1,1,0,1,0,1,1,1,1,0,1,0,1,1,0,0,0,0,0,1,0,0,0,0
1,1,1,1,0,1,0,1,1,0,1,0,1,0,0,0,0,0,0,0,0,0,0,1
1,1,1,0,1,1,1,1,1,1,0,1,1,0,1,0,0,0,0,0,0,0,0,0
0,0,1,0,0,1,0,0,1,1,1,0,1,0,0,1,0,0,0,0,0,0,0,0
1,1,0,1,0,1,1,1,1,0,1,0,0,1,0,0,0,0,0,1,0,0,0,0
1,1,1,1,0,1,0,1,1,0,1,0,1,0,0,0,0,0,0,0,0,0,0,1
1,0,1,0,0,1,0,1,0,1,0,0,0,0,0,0,0,0,0,0,0,1,0,0
1,1,1,1,0,1,0,1,1,1,1,0,1,0,0,0,0,0,0,0,0,0,0,1
1,1,1,1,0,1,0,1,1,1,1,0,1,0,0,0,0,0,0,0,0,0,0,1
1,1,0,1,1,1,1,0,1,0,1,1,1,1,0,0,0,0,0,0,1,0,0,0
1,1,1,0,1,1,1,0,1,1,0,1,1,0,1,0,0,0,0,0,0,0,0,0
1,0,1,1,1,0,1,1,0,1,1,1,0,1,0,0,1,0,0,0,0,0,0,0
1,0,1,1,1,0,1,1,0,1,0,1,0,1,0,0,1,0,0,0,0,0,0,0
1,1,1,1,0,1,0,1,1,1,1,0,1,0,0,0,0,0,0,0,0,0,0,1
0,0,1,0,0,1,0,0,0,1,0,0,1,0,0,1,0,0,0,0,0,0,0,0
0,0,1,0,0,1,0,0,0,1,0,0,1,0,0,1,0,0,0,0,0,0,0,0
1,1,1,1,1,1,1,1,1,1,1,1,1,1,0,0,0,0,0,0,0,0,1,0
1,0,1,1,0,1,1,1,0,1,1,0,1,1,0,0,0,1,0,0,0,0,0,0
1,0,1,0,0,1,0,1,0,1,0,0,1,0,0,0,0,0,0,0,0,1,0,0
0,1,1,1,0,1,0,0,1,1,1,0,1,0,0,0,0,0,1,0,0,0,0,0
1,1,0,1,0,1,1,1,1,0,1,0,1,1,0,0,0,0,0,1,0,0,0,0
1,1,0,1,0,1,1,1,1,0,1,0,1,1,0,0,0,0,0,1,0,0,0,0
1,1,0,1,0,1,1,1,1,0,0,0,1,1,0,0,0,0,0,1,0,0,0,0
1,0,1,0,0,1,0,1,0,1,0,0,0,0,0,0,0,0,0,0,0,1,0,0
1,0,1,1,1,0,1,1,0,1,0,1,0,1,0,0,1,0,0,0,0,0,0,0
1,1,1,1,0,1,0,1,1,1,1,0,1,0,0,0,0,0,0,0,0,0,0,1
1,0,1,1,0,1,1,1,1,1,1,0,1,1,0,0,0,1,0,0,0,0,0,0
1,1,0,1,0,1,1,1,1,0,1,0,1,1,0,0,0,0,0,1,0,0,0,0
1,0,1,1,1,0,1,1,0,1,1,1,0,1,0,0,1,0,0,0,0,0,0,0
1,1,1,1,0,1,0,1,1,1,0,0,1,0,0,0,0,0,0,0,0,0,0,1
1,1,1,0,1,1,1,1,1,1,0,1,1,1,1,0,0,0,0,0,0,0,0,0
1,1,0,1,1,1,1,1,1,0,1,1,1,1,0,0,0,0,0,0,1,0,0,0
1,1,1,1,0,1,0,1,1,1,1,1,1,1,0,0,0,0,0,0,0,0,0,1
0,0,1,0,0,1,0,0,0,1,0,0,1,0,0,1,0,0,0,0,0,0,0,0
1,1,0,1,0,1,1,1,1,0,1,0,1,1,0,0,0,0,0,1,0,0,0,0
0,0,1,0,0,1,0,0,0,1,0,0,1,0,0,1,0,0,0,0,0,0,0,0
1,1,0,1,0,1,1,1,1,0,1,0,0,1,0,0,0,0,0,1,0,0,0,0
1,1,1,1,0,1,0,1,1,0,1,0,1,0,0,0,0,0,0,0,0,0,0,1
1,1,1,0,1,1,1,1,1,1,0,1,0,1,1,0,0,0,0,0,0,0,0,0
1,0,1,1,0,1,1,1,0,0,1,0,1,1,0,0,0,1,0,0,0,0,0,0
0,1,1,1,0,1,0,0,1,1,1,0,1,0,0,0,0,0,1,0,0,0,0,0
1,0,1,1,0,1,1,1,0,1,1,0,1,0,0,0,0,1,0,0,0,0,0,0
0,1,1,1,0,1,0,0,1,1,1,0,1,0,0,0,0,0,1,0,0,0,0,0
1,1,0,1,1,1,1,1,1,0,1,1,1,1,0,0,0,0,0,0,1,0,0,0
1,1,1,1,1,1,1,1,1,1,1,1,1,1,0,0,0,0,0,0,0,0,1,0
1,1,0,1,1,1,1,1,1,0,1,1,1,1,0,0,0,0,0,0,1,0,0,0
1,1,0,1,0,1,1,1,1,0,1,0,1,1,0,0,0,0,0,1,0,0,0,0
1,1,0,1,1,1,1,1,1,0,1,1,1,1,0,0,0,0,0,0,1,0,0,0
1,1,0,1,1,1,1,1,1,0,1,1,1,1,0,0,0,0,0,0,1,0,0,0
1,1,1,1,1,1,1,1,1,0,1,1,1,1,0,0,0,0,0,0,0,0,1,0
0,0,1,0,0,1,0,0,0,1,0,0,1,0,0,1,0,0,0,0,0,0,0,0
1,1,1,1,0,1,0,1,1,0,1,0,1,0,0,0,0,0,0,0,0,0,0,1
1,1,1,1,0,1,0,1,1,1,1,0,1,0,0,0,0,0,0,0,0,0,0,1
0,0,1,0,0,1,0,0,0,1,0,0,1,0,0,1,0,0,0,0,0,0,0,0
1,1,0,1,0,1,1,1,1,0,1,0,1,1,0,0,0,0,0,1,0,0,0,0
1,0,1,0,0,1,0,1,0,1,0,0,1,0,0,0,0,0,0,0,0,1,0,0
0,1,1,1,0,1,0,0,1,1,1,0,1,0,0,0,0,0,1,0,0,0,0,0
0,0,1,0,0,1,0,0,0,1,0,0,1,0,0,1,0,0,0,0,0,0,0,0
1,0,1,1,1,0,1,1,1,1,1,1,0,1,0,0,1,0,0,0,0,0,0,0
1,1,1,1,0,1,0,1,1,1,1,0,0,0,0,0,0,0,0,0,0,0,0,1
0,0,1,0,0,1,0,0,0,1,0,0,1,0,0,1,0,0,0,0,0,0,0,0
1,1,0,1,1,1,1,1,1,0,1,1,1,1,0,0,0,0,0,0,1,0,0,0
1,0,1,1,1,0,1,1,0,1,1,1,0,0,0,0,1,0,0,0,0,0,0,0
0,1,1,1,0,1,0,0,1,1,1,0,1,0,0,0,0,0,1,0,0,0,0,0
1,0,1,1,1,0,1,1,0,1,1,1,0,1,0,0,1,0,0,0,0,0,0,0
1,1,1,1,0,1,0,1,1,1,1,1,1,0,0,0,0,0,0,0,0,0,0,1
1,1,0,1,0,1,1,1,1,0,1,0,1,1,0,0,0,0,0,1,0,0,0,0
1,0,1,0,0,1,0,1,0,1,0,0,1,0,0,0,0,0,0,0,0,1,0,0
0,0,1,0,0,1,0,0,0,1,0,0,1,0,0,1,0,0,0,0,0,0,0,0
1,1,1,1,1,1,1,1,1,1,1,1,1,1,0,0,0,0,0,0,0,0,1,0
0,1,1,1,0,1,0,0,1,1,1,0,1,0,0,0,0,0,1,0,0,0,0,0
0,0,1,0,0,1,0,0,0,1,0,0,1,0,0,1,0,0,0,0,0,0,0,0
1,0,1,0,0,1,0,1,0,1,0,0,1,0,0,0,0,0,0,0,0,1,0,0
1,1,0,1,1,1,1,1,1,0,1,1,1,1,0,0,0,0,0,0,1,0,0,0
1,1,1,0,1,1,1,1,1,1,0,1,1,1,1,0,0,0,0,0,0,0,0,0
1,1,0,1,1,1,1,1,1,0,1,1,1,1,0,0,0,0,0,0,1,0,0,0
1,1,1,1,0,1,0,1,1,1,1,0,1,0,0,0,0,0,0,0,0,0,0,1
1,1,1,1,1,1,1,1,1,1,1,1,1,1,0,0,0,0,0,0,0,0,1,0
1,0,1,0,0,1,0,1,0,1,0,0,0,0,0,0,0,0,0,0,0,1,0,0
1,1,1,1,1,1,1,1,1,1,1,1,1,1,0,0,0,0,0,0,0,0,1,0
1,1,0,1,1,1,1,1,1,0,1,1,0,1,0,0,0,0,0,0,1,0,0,0
1,1,0,1,0,1,1,1,1,0,1,0,1,1,0,0,0,0,0,1,0,0,0,0
0,1,1,1,0,1,0,0,1,0,1,1,1,1,0,0,0,0,1,0,0,0,0,0
1,1,0,1,1,1,1,1,1,0,1,1,1,1,0,0,0,0,0,0,1,0,0,0
0,1,1,1,0,1,0,0,1,1,1,0,1,0,0,0,0,0,1,0,0,0,0,0
1,1,1,1,1,1,1,1,1,1,1,1,1,1,0,0,0,0,0,0,0,0,1,0
1,1,1,1,1,1,1,1,1,1,1,1,1,1,0,0,0,0,0,0,0,0,1,0
1,0,1,1,1,0,1,1,0,1,1,1,0,1,0,0,1,0,0,0,0,0,0,0
1,1,1,1,0,1,0,1,1,1,1,1,1,0,0,0,0,0,0,0,0,0,0,1
1,1,1,1,1,1,1,1,1,1,1,1,1,1,0,0,0,0,0,0,0,0,1,0
1,1,1,0,1,1,1,1,1,1,0,0,1,1,1,0,0,0,0,0,0,0,0,0
1,0,1,1,0,1,1,1,1,1,1,0,1,1,0,0,0,1,0,0,0,0,0,0
0,0,1,0,0,1,0,0,0,1,0,0,1,0,0,1,0,0,0,0,0,0,0,0
1,1,1,0,1,1,1,1,1,1,0,1,1,1,1,0,0,0,0,0,0,0,0,0
1,1,0,1,1,1,1,1,1,0,1,1,1,1,0,0,0,0,0,0,1,0,0,0
1,0,1,1,1,0,1,1,0,1,1,1,0,1,0,0,1,0,0,0,0,0,0,0
0,0,1,0,0,1,0,0,0,1,0,0,1,0,0,1,0,0,0,0,0,0,0,0
1,0,1,0,0,1,0,1,0,1,0,0,1,0,0,0,0,0,0,0,0,1,0,0
1,0,1,1,1,0,1,1,0,1,1,1,0,1,0,0,1,0,0,0,0,0,0,0
1,1,1,1,1,1,1,0,1,1,1,1,0,1,0,0,0,0,0,0,0,0,1,0
1,1,1,1,1,1,1,1,1,1,1,1,1,1,0,0,0,0,0,0,0,0,1,0
0,0,1,0,0,1,0,0,0,1,0,0,1,0,0,1,0,0,0,0,0,0,0,0
1,1,1,1,0,1,0,1,0,1,1,0,1,0,0,0,0,0,0,0,0,0,0,1
1,1,1,1,0,1,0,1,1,1,1,0,1,0,0,0,0,0,0,0,0,0,0,1
1,1,1,0,1,1,1,1,1,1,0,1,1,1,1,0,0,0,0,0,0,0,0,0
1,1,1,0,1,1,1,0,1,1,0,0,1,1,1,0,0,0,0,0,0,0,0,0
1,1,0,1,1,1,1,1,1,0,1,1,1,1,0,0,0,0,0,0,1,0,0,0
1,0,1,0,0,1,0,1,0,1,0,0,0,0,0,0,0,0,0,0,0,1,0,0
1,1,1,1,0,1,0,1,1,1,1,0,1,0,0,0,0,0,0,0,0,0,0,1
1,1,0,1,0,1,1,1,1,0,1,0,1,1,0,0,0,0,0,1,0,0,0,0
0,1,1,1,0,1,0,0,1,1,1,0,1,0,0,0,0,0,1,0,0,0,0,0
0,0,1,0,0,1,0,0,0,1,0,0,1,0,0,1,0,0,0,0,0,0,0,0
1,1,0,1,0,1,1,1,1,0,1,0,1,0,0,0,0,0,0,1,0,0,0,0
1,0,1,1,0,1,1,1,0,1,1,0,1,1,0,0,0,1,0,0,0,0,0,0
1,1,1,1,0,1,0,1,0,1,1,0,1,0,0,0,0,0,0,0,0,0,0,1
1,1,1,1,0,1,0,1,1,1,1,0,1,0,0,0,0,0,0,0,0,0,0,1
1,1,1,1,1,1,1,1,1,1,1,1,1,1,0,0,0,0,0,0,0,0,1,0
1,1,0,1,1,1,1,1,1,0,1,1,1,1,0,0,0,0,0,0,1,0,0,0
1,1,1,0,1,1,1,1,1,1,0,1,1,1,1,0,0,0,0,0,0,0,0,0
1,1,0,1,0,1,1,1,1,0,1,0,1,1,0,0,0,0,0,1,0,0,0,0
1,0,1,1,0,1,1,1,0,1,1,0,1,1,0,0,0,1,0,0,0,0,0,0
1,0,1,0,0,1,0,1,0,1,0,0,1,0,0,0,0,0,0,0,0,1,0,0
1,1,0,1,1,1,1,1,1,0,1,1,1,1,0,0,0,0,0,0,1,0,0,0
1,0,1,1,0,1,1,1,0,1,1,0,1,1,0,0,0,1,0,0,0,0,0,0
1,1,1,1,0,1,0,1,1,1,1,0,0,0,0,0,0,0,0,0,0,0,0,1
1,0,1,1,0,1,1,1,0,1,1,0,1,1,0,0,0,1,0,0,0,0,0,0
1,0,1,1,0,1,1,1,0,1,1,0,1,1,0,0,0,1,0,0,0,0,0,0
0,0,1,0,0,1,0,0,0,1,0,0,1,0,0,1,0,0,0,0,0,0,0,0
1,1,1,1,1,1,1,1,1,1,1,1,1,1,0,0,0,0,0,0,0,0,1,0
1,1,1,1,1,1,1,1,1,1,1,1,1,1,0,0,0,0,0,0,0,0,1,0
0,0,1,0,0,1,0,0,0,0,0,0,1,0,0,1,0,0,0,0,0,0,0,0
0,1,1,1,0,1,0,0,1,1,1,0,0,0,0,0,0,0,1,0,0,0,0,0
0,1,1,1,0,1,0,0,1,1,1,0,1,0,0,0,0,0,1,0,0,0,0,0
1,1,1,0,1,1,1,1,1,1,0,1,1,1,1,0,0,0,0,0,0,0,0,0
1,1,1,0,1,1,1,1,1,1,1,1,1,1,1,0,0,0,0,0,0,0,0,0
1,1,1,0,1,1,1,1,1,1,0,1,1,1,1,0,0,0,0,0,0,0,0,0
1,0,1,1,1,0,1,1,0,1,1,1,0,1,0,0,1,0,0,0,0,0,0,0
1,1,0,1,1,1,1,1,1,0,1,1,1,1,0,0,0,0,0,0,1,0,0,0
1,0,1,1,1,0,1,1,0,1,1,1,0,1,0,0,1,0,0,0,0,0,0,0
1,0,1,1,1,0,1,1,0,0,1,1,0,1,0,0,1,0,0,0,0,0,0,0
1,1,1,0,1,1,1,1,1,1,0,1,1,1,1,0,0,0,0,0,0,0,0,0
1,0,1,0,0,1,0,1,0,1,0,0,1,0,0,0,0,0,0,0,0,1,0,0
0,0,1,0,0,1,0,0,0,1,0,0,1,1,0,1,0,0,0,0,0,0,0,0
1,0,1,1,1,0,1,1,0,1,1,1,0,1,0,0,1,0,0,0,0,0,0,0
1,1,1,1,0,1,0,1,1,1,1,0,1,0,0,0,0,0,0,0,0,0,0,1
1,0,1,1,0,1,1,1,0,1,1,0,1,1,0,0,0,1,0,0,0,0,0,0
1,1,1,1,0,1,0,1,1,1,1,0,1,0,0,0,0,0,0,0,0,0,0,1
1,1,1,1,0,1,0,1,1,1,1,0,1,0,0,0,0,0,0,0,0,0,0,1
1,1,1,0,1,1,1,1,1,1,0,1,1,1,1,0,0,0,0,0,0,0,0,0
1,1,1,1,0,1,0,1,1,1,1,0,1,0,0,0,0,0,0,0,0,0,0,1
1,0,1,1,1,0,1,1,0,1,1,0,0,1,0,0,1,0,0,0,0,0,0,0
1,0,1,1,1,0,1,1,0,1,1,1,0,1,0,0,1,0,0,0,0,0,0,0
1,0,1,0,0,1,0,1,0,1,0,0,1,0,0,0,0,0,0,0,0,1,0,0
0,0,1,0,0,1,0,0,0,1,0,0,1,0,0,1,0,0,0,0,0,0,0,0
1,1,1,1,0,1,0,1,1,1,1,0,1,0,0,0,0,0,0,0,0,0,0,1
0,0,1,0,0,1,0,0,0,1,0,0,1,0,0,1,0,0,0,0,0,0,0,0
1,1,1,1,0,1,0,1,1,1,1,0,1,0,0,0,0,0,0,0,0,0,0,1
1,1,1,1,1,1,1,1,1,1,1,1,1,0,0,0,0,0,0,0,0,0,1,0
0,0,1,0,0,1,0,0,0,1,0,0,1,0,0,1,0,0,0,0,0,0,0,0
1,1,1,1,0,1,0,1,1,1,1,0,1,0,0,0,0,0,0,0,0,0,0,1
0,0,1,0,0,1,0,0,1,1,0,0,1,1,0,1,0,0,0,0,0,0,0,0
1,1,1,1,0,1,0,1,1,1,1,0,1,0,0,0,0,0,0,0,0,0,0,1
1,0,1,0,0,1,0,1,0,1,0,1,1,0,0,0,0,0,0,0,0,1,0,0
1,1,1,1,1,1,1,1,1,1,1,1,1,1,0,0,0,0,0,0,0,0,1,0
0,0,1,0,0,1,0,0,0,1,0,0,1,0,0,1,0,0,0,0,0,0,0,0
1,0,1,0,0,1,0,1,1,1,0,0,1,0,0,0,0,0,0,0,0,1,0,0
1,1,1,1,1,1,1,1,1,0,1,1,1,1,0,0,0,0,0,0,0,0,1,0
1,0,1,1,0,1,1,1,0,1,1,0,1,1,0,0,0,1,0,0,0,0,0,0
1,1,1,1,1,1,1,1,1,1,1,1,1,1,0,0,0,0,0,0,0,0,1,0
1,1,1,0,1,1,1,1,1,1,0,1,1,1,1,0,0,0,0,0,0,0,0,0
1,1,1,1,1,1,1,1,0,1,1,1,1,1,0,0,0,0,0,0,0,0,1,0
1,1,1,1,1,1,1,1,1,1,1,1,0,1,0,0,0,0,0,0,0,0,1,0
1,1,1,1,1,1,1,1,1,1,1,1,1,1,0,0,0,0,0,0,0,0,1,0
1,1,0,1,0,1,1,1,1,1,1,0,1,1,0,0,0,0,0,1,0,0,0,0
1,1,1,1,0,1,0,1,1,1,1,0,1,0,0,0,0,0,0,0,0,0,0,1
1,1,1,1,0,1,0,1,1,1,1,0,1,0,0,0,0,0,0,0,0,0,0,1
0,0,1,0,0,1,0,0,0,1,0,0,1,0,0,1,0,0,0,0,0,0,0,0
1,1,0,1,1,1,1,1,1,0,1,1,1,1,0,0,0,0,0,0,1,0,0,0
0,0,1,0,0,1,0,0,0,1,0,0,1,0,0,1,0,0,0,0,0,0,0,0
1,0,1,1,1,0,1,1,0,1,1,1,0,1,0,0,1,0,0,0,0,0,0,0
1,1,1,1,0,1,0,1,1,1,1,0,1,0,0,0,0,0,0,0,0,0,0,1
1,1,1,1,0,1,0,1,1,1,1,0,1,0,0,0,0,0,0,0,0,0,0,1
1,0,1,0,0,1,0,1,0,1,0,0,1,0,0,0,0,0,0,0,0,1,0,0
1,1,1,1,0,1,0,1,1,1,1,0,1,0,0,0,0,0,0,0,0,0,0,1
1,1,0,1,0,1,1,1,0,0,1,0,1,1,0,0,0,0,0,1,0,0,0,0
1,1,1,1,1,1,1,1,1,1,1,1,1,1,0,0,0,0,0,0,0,0,1,0
1,1,1,1,0,1,0,1,1,1,1,0,1,0,0,0,0,0,0,0,0,0,0,1
1,1,0,1,1,1,1,1,1,0,1,1,1,1,0,0,0,0,0,0,1,0,0,0
1,0,1,1,1,0,1,1,0,1,0,1,0,1,0,0,1,0,0,0,0,0,0,0
1,0,1,1,0,1,1,1,0,1,1,0,1,1,0,0,0,1,0,0,0,0,0,0
0,0,1,0,0,1,0,0,0,1,0,1,1,0,0,1,0,0,0,0,0,0,0,0
1,1,0,1,1,1,1,1,1,0,1,1,1,1,0,0,0,0,0,0,1,0,0,0
0,0,1,0,0,1,0,0,0,1,0,0,1,0,0,1,0,0,0,0,0,0,0,0
0,0,1,0,0,1,0,0,0,1,0,0,1,0,0,1,0,0,0,0,0,0,0,0
1,1,1,1,0,1,0,1,0,1,1,0,1,0,0,0,0,0,0,0,0,0,0,1
1,1,0,1,0,1,1,1,1,0,1,0,1,1,0,0,0,0,0,1,0,0,0,0
0,1,1,1,0,1,0,1,0,1,0,0,1,0,0,0,0,0,1,0,0,0,0,0
1,1,0,1,1,1,1,1,1,0,1,1,1,1,0,0,0,0,0,0,1,0,0,0
1,0,1,0,0,1,0,1,0,1,0,0,1,0,0,0,0,0,0,0,0,1,0,0
1,0,1,1,1,0,1,1,0,1,1,1,0,1,0,0,1,0,0,0,0,0,0,0
0,1,1,1,0,1,0,0,1,1,1,0,1,0,0,0,0,0,1,0,0,0,0,0
1,1,1,1,0,1,0,1,1,1,1,0,1,0,0,0,0,0,0,0,0,0,0,1
0,0,1,0,0,1,0,0,0,1,0,0,1,0,0,1,0,0,0,0,0,0,0,0
0,1,1,1,0,1,0,0,1,1,1,0,1,0,0,0,0,0,1,0,0,0,0,0
1,1,0,1,0,1,1,1,1,0,1,0,1,1,0,0,0,0,0,1,0,0,0,0
0,0,1,0,0,1,0,0,0,1,0,0,1,0,0,1,0,0,0,0,0,0,0,0
1,1,1,1,0,1,0,1,0,1,1,0,1,0,0,0,0,0,0,0,0,0,0,1
1,0,1,1,0,1,1,1,0,1,1,0,1,1,0,0,0,1,0,0,0,0,0,0
1,1,1,0,1,1,1,1,0,1,0,0,1,1,1,0,0,0,0,0,0,0,0,0
1,1,1,1,0,1,0,1,1,0,1,0,1,0,0,0,0,0,0,0,0,0,0,1
1,0,1,0,0,1,0,1,0,1,0,0,1,0,0,0,0,0,0,0,0,1,0,0
1,1,0,1,0,1,1,1,0,0,1,0,1,1,0,0,0,0,0,1,0,0,0,0
1,1,1,1,1,1,1,1,1,1,1,1,1,1,0,0,0,0,0,0,0,0,1,0
0,0,1,0,0,1,0,0,0,1,0,0,1,0,0,1,0,0,0,0,0,0,0,0
1,0,1,1,1,0,1,1,0,1,1,1,0,1,0,0,1,0,0,0,0,0,0,0
0,0,1,0,0,1,0,0,0,1,0,0,1,0,0,1,0,0,0,0,0,0,0,0
1,0,1,0,0,1,0,1,0,1,0,0,1,1,0,0,0,0,0,0,0,1,0,0
0,0,1,0,0,1,0,0,0,1,0,0,1,0,0,1,0,0,0,0,0,0,0,0
1,1,1,0,1,1,1,1,1,1,0,0,1,1,1,0,0,0,0,0,0,0,0,0
1,1,0,1,0,1,1,1,1,0,0,1,1,1,0,0,0,0,0,1,0,0,0,0
1,1,1,1,0,1,0,1,1,1,1,0,1,0,0,0,0,0,0,0,0,0,0,1
1,1,1,1,0,1,0,1,1,1,1,0,1,0,0,0,0,0,0,0,0,0,0,1
1,1,1,0,1,1,1,1,1,0,0,0,1,1,1,0,0,0,0,0,0,0,0,0
0,1,1,1,0,1,0,0,1,1,1,0,1,0,0,0,0,0,1,0,0,0,0,0
1,0,1,1,1,0,1,1,0,0,1,1,0,1,0,0,1,0,0,0,0,0,0,0
1,1,1,1,1,1,1,1,1,1,1,1,1,1,0,0,0,0,0,0,0,0,1,0
1,1,1,0,1,1,1,1,1,1,0,1,1,1,1,0,0,0,0,0,0,0,0,0
1,1,1,1,0,1,0,1,1,1,1,0,1,0,0,0,0,0,0,0,0,0,0,1
1,1,0,1,1,1,1,1,1,0,0,1,1,1,0,0,0,0,0,0,1,0,0,0
1,0,1,1,1,0,1,1,0,1,1,1,0,1,0,0,1,0,0,0,0,0,0,0
0,0,1,0,0,1,0,0,0,1,0,0,1,0,0,1,0,0,0,0,0,0,0,0
1,1,0,1,0,1,1,1,1,0,0,0,1,1,0,0,0,0,0,1,0,0,0,0
1,1,1,1,0,1,0,1,1,1,1,0,1,0,0,0,0,0,0,0,0,0,0,1
1,1,1,1,0,1,0,1,1,1,1,0,1,0,0,0,0,0,0,0,0,0,0,1
1,0,1,0,0,1,0,1,0,1,0,0,1,0,0,0,0,0,0,0,0,1,0,0
1,1,1,1,0,1,0,1,1,1,1,0,1,0,0,0,0,0,0,0,0,0,0,1
1,1,0,1,1,1,1,1,1,0,1,1,1,1,0,0,0,0,0,0,1,0,0,0
1,1,0,1,0,1,1,1,1,0,0,0,1,1,0,0,0,0,0,1,0,0,0,0
1,1,0,1,1,1,1,0,1,0,1,1,1,1,0,0,0,0,0,0,1,0,0,0
1,0,1,1,1,0,1,1,0,1,1,1,0,1,0,0,1,0,0,0,0,0,0,0
1,1,1,1,1,1,1,0,1,1,1,1,1,1,0,0,0,0,0,0,0,0,1,0
1,0,1,0,0,1,0,1,0,1,0,0,1,0,0,0,0,0,0,0,0,1,0,0
1,1,1,1,0,1,0,1,1,0,1,0,1,0,0,0,0,0,0,0,0,0,0,1
1,1,1,1,0,1,0,1,1,1,1,0,1,0,0,0,0,0,0,0,0,0,0,1
1,1,0,1,0,1,1,1,1,0,1,0,1,1,0,0,0,0,0,1,0,0,0,0
0,0,1,0,0,1,0,0,0,1,0,0,1,0,0,1,0,0,0,0,0,0,0,0
1,1,1,0,1,1,1,0,1,1,0,1,1,1,1,0,0,0,0,0,0,0,0,0
1,1,1,1,1,1,1,1,1,1,1,0,1,1,0,0,0,0,0,0,0,0,1,0
0,1,1,1,0,1,0,0,1,1,1,0,1,0,0,0,0,0,1,0,0,0,0,0
1,1,1,0,1,1,1,1,1,1,0,0,1,1,1,0,0,0,0,0,0,0,0,0
1,1,0,1,1,1,1,1,1,0,1,1,1,1,0,0,0,0,0,0,1,0,0,0
1,1,1,1,1,1,1,1,1,0,1,1,1,1,0,0,0,0,0,0,0,0,1,0
1,1,1,1,0,1,0,1,1,1,1,0,1,0,0,0,0,0,0,0,0,0,0,1
1,1,0,1,0,1,1,1,1,0,0,0,1,1,0,0,0,0,0,1,0,0,0,0
1,1,1,0,1,1,1,1,1,1,0,1,1,0,1,0,0,0,0,0,0,0,0,0
0,1,1,1,0,1,0,0,1,1,1,0,1,0,0,0,0,0,1,0,0,0,0,0
1,1,1,1,0,1,0,1,1,1,1,0,1,0,0,0,0,0,0,0,0,0,0,1
1,0,1,1,0,1,1,1,0,1,1,0,1,1,0,0,0,1,0,0,0,0,0,0
1,0,1,1,0,1,1,1,0,1,1,0,1,1,0,0,0,1,0,0,0,0,0,0
1,0,1,1,1,0,1,1,0,1,1,1,0,1,0,0,1,0,0,0,0,0,0,0
0,1,1,1,0,1,0,0,1,1,1,0,1,0,0,0,0,0,1,0,0,0,0,0
1,1,1,1,0,1,0,1,1,1,1,1,1,0,0,0,0,0,0,0,0,0,0,1
1,1,1,1,0,1,0,0,1,1,1,0,1,0,0,0,0,0,0,0,0,0,0,1
0,1,1,1,0,1,0,0,0,1,1,1,1,0,0,0,0,0,1,0,0,0,0,0
1,1,1,1,0,1,0,1,1,1,1,0,1,0,0,0,0,0,0,0,0,0,0,1
0,0,1,0,0,1,0,0,0,1,0,0,1,0,0,1,0,0,0,0,0,0,0,0
1,1,1,1,1,1,1,1,1,1,1,1,1,1,0,0,0,0,0,0,0,0,1,0
1,0,1,1,1,0,1,1,0,1,1,1,0,1,0,0,1,0,0,0,0,0,0,0
0,1,1,1,0,1,0,0,1,1,1,0,1,0,0,0,0,0,1,0,0,0,0,0
1,1,1,1,1,1,1,1,1,1,1,0,1,1,0,0,0,0,0,0,0,0,1,0
1,1,1,1,0,1,0,1,1,1,1,0,1,0,0,0,0,0,0,0,0,0,0,1
1,1,1,1,0,1,0,1,1,1,1,0,1,0,0,0,0,0,0,0,0,0,0,1
1,1,1,1,0,1,0,1,1,1,1,0,1,1,0,0,0,0,0,0,0,0,0,1
1,1,1,1,0,1,0,1,1,1,1,0,1,0,0,0,0,0,0,0,0,0,0,1
1,1,0,1,1,1,1,1,1,0,1,1,1,0,0,0,0,0,0,0,1,0,0,0
1,1,1,0,1,1,1,1,1,1,0,1,1,1,1,0,0,0,0,0,0,0,0,0
1,0,1,1,1,0,1,1,0,1,1,0,0,0,0,0,1,0,0,0,0,0,0,0
1,0,1,0,0,1,0,1,0,1,1,0,1,0,0,0,0,0,0,0,0,1,0,0
1,1,0,1,1,1,1,1,1,1,1,1,1,1,0,0,0,0,0,0,1,0,0,0
1,1,1,0,1,1,1,1,1,1,0,1,1,1,1,0,0,0,0,0,0,0,0,0
0,1,1,1,0,1,0,0,1,1,1,0,1,0,0,0,0,0,1,0,0,0,0,0
0,1,1,1,0,1,0,0,1,1,1,0,1,1,0,0,0,0,1,0,0,0,0,0
0,0,1,0,0,1,0,0,0,1,0,0,1,0,0,1,0,0,0,0,0,0,0,0
0,0,1,0,0,1,0,0,0,1,0,0,1,0,0,1,0,0,0,0,0,0,0,0
1,1,1,1,0,1,0,1,1,1,1,0,1,0,0,0,0,0,0,0,0,0,0,1
1,1,1,1,1,1,1,1,1,1,0,1,1,1,0,0,0,0,0,0,0,0,1,0
1,0,1,0,0,1,0,0,0,1,0,0,1,0,0,0,0,0,0,0,0,1,0,0
1,1,1,1,1,1,1,1,1,1,1,1,1,1,0,0,0,0,0,0,0,0,1,0
1,0,1,1,1,0,1,1,0,1,1,1,0,1,0,0,1,0,0,0,0,0,0,0
1,1,1,1,0,1,0,1,1,1,1,0,1,0,0,0,0,0,0,0,0,0,0,1
1,0,1,1,0,1,1,1,0,1,1,0,1,1,0,0,0,1,0,0,0,0,0,0
1,1,1,0,1,1,1,1,1,1,0,1,1,1,1,0,0,0,0,0,0,0,0,0
1,1,0,1,1,1,1,1,1,0,1,1,1,1,0,0,0,0,0,0,1,0,0,0
1,1,0,1,1,1,1,1,1,0,1,1,1,1,0,0,0,0,0,0,1,0,0,0
1,0,1,1,1,0,1,1,0,1,1,1,0,1,0,0,1,0,0,0,0,0,0,0
1,1,1,1,0,1,0,1,1,1,1,1,1,0,0,0,0,0,0,0,0,0,0,1
1,0,1,1,0,1,1,1,0,1,1,1,1,1,0,0,0,1,0,0,0,0,0,0
0,0,1,0,0,1,0,0,0,1,0,0,1,0,0,1,0,0,0,0,0,0,0,0
1,1,0,1,1,1,1,1,1,0,1,1,1,1,0,0,0,0,0,0,1,0,0,0
1,1,0,1,1,1,1,0,1,0,1,1,1,1,0,0,0,0,0,0,1,0,0,0
1,1,0,1,1,1,1,1,1,0,1,1,1,1,0,0,0,0,0,0,1,0,0,0
1,1,1,0,1,1,1,1,1,1,0,1,1,1,1,0,0,0,0,0,0,0,0,0
1,0,1,1,0,1,1,1,0,1,1,0,0,1,0,0,0,1,0,0,0,0,0,0
1,1,1,1,0,1,0,1,1,1,1,0,1,0,0,0,0,0,0,0,0,0,0,1
0,0,1,0,0,1,0,0,0,1,0,0,1,0,0,1,0,0,0,0,0,0,0,0
1,1,0,1,0,1,1,1,1,0,1,0,0,1,0,0,0,0,0,1,0,0,0,0
1,1,1,0,1,1,1,1,1,1,0,1,1,1,1,0,0,0,0,0,0,0,0,0
1,1,1,0,1,1,1,1,1,0,1,1,1,1,1,0,0,0,0,0,0,0,0,0
1,1,0,1,0,1,1,1,1,0,1,0,1,1,0,0,0,0,0,1,0,0,0,0
1,1,1,0,1,1,1,1,1,1,0,1,1,1,1,0,0,0,0,0,0,0,0,0
1,1,1,1,0,1,0,1,1,1,1,0,1,0,0,0,0,0,0,0,0,0,0,1
1,1,1,1,0,1,0,1,1,1,1,0,1,0,0,0,0,0,0,0,0,0,0,1
1,0,1,0,0,1,0,1,0,1,0,0,1,0,0,0,0,0,0,0,0,1,0,0
1,1,0,1,1,1,1,1,1,0,1,1,0,1,0,0,0,0,0,0,1,0,0,0
1,1,1,1,0,1,0,1,1,1,1,0,1,0,0,0,0,0,0,0,0,0,0,1
0,1,1,1,0,1,0,0,1,1,1,0,1,0,0,0,0,0,1,0,0,0,0,0
1,1,1,1,0,1,0,1,1,1,1,0,1,0,0,0,0,0,0,0,0,0,0,1
1,1,1,1,0,1,0,1,1,1,1,0,1,0,0,0,0,0,0,0,0,0,0,1
1,0,1,1,0,1,1,1,0,1,1,0,1,1,0,0,0,1,0,0,0,0,0,0
1,0,1,1,1,0,1,1,0,1,1,1,0,1,0,0,1,0,0,0,0,0,0,0
1,1,1,1,0,1,0,1,1,0,1,0,1,0,0,0,0,0,0,0,0,0,0,1
1,0,1,1,1,0,1,1,0,1,1,1,1,1,0,0,1,0,0,0,0,0,0,0
0,0,1,0,0,1,0,0,0,1,0,0,1,0,0,1,0,0,0,0,0,0,0,0
1,0,1,1,1,0,1,1,0,1,1,1,0,1,0,0,1,0,0,0,0,0,0,0
1,0,1,1,0,1,1,1,0,1,1,0,1,1,0,0,0,1,0,0,0,0,0,0
1,1,1,1,0,1,0,1,1,1,1,0,1,0,0,0,0,0,0,0,0,0,0,1
1,1,1,1,0,1,0,1,1,1,1,0,1,0,0,0,0,0,0,0,0,0,0,1
1,0,1,1,0,1,1,1,0,1,1,0,1,1,0,0,0,1,0,0,0,0,0,0
0,0,1,0,0,1,0,0,0,1,0,0,1,0,0,1,0,0,0,0,0,0,0,0
1,0,1,1,1,0,1,1,0,1,1,1,0,1,0,0,1,0,0,0,0,0,0,0
0,0,1,0,0,1,0,0,0,1,0,0,1,0,0,1,0,0,0,0,0,0,0,0
1,0,1,1,1,0,1,1,0,1,1,1,0,1,0,0,1,0,0,0,0,0,0,0
1,1,1,1,1,1,1,1,1,1,1,1,0,1,0,0,0,0,0,0,0,0,1,0
1,0,1,1,0,1,1,1,0,1,1,0,0,1,0,0,0,1,0,0,0,0,0,0
1,1,0,1,0,1,1,1,1,0,1,0,1,1,0,0,0,0,0,1,0,0,0,0
1,1,1,0,1,1,1,1,1,1,0,1,1,1,1,0,0,0,0,0,0,0,0,0
1,1,1,1,0,1,0,1,1,1,1,0,1,0,0,0,0,0,0,0,0,0,0,1
1,1,1,0,1,1,1,1,1,1,0,1,0,1,1,0,0,0,0,0,0,0,0,0
1,0,1,1,0,1,1,1,0,1,1,0,1,1,0,0,0,1,0,0,0,0,0,0
1,0,1,1,1,0,1,1,0,1,1,1,0,1,0,0,1,0,0,0,0,0,0,0
1,1,1,0,1,1,1,1,1,1,0,1,1,1,1,0,0,0,0,0,0,0,0,0
0,0,1,0,0,1,0,0,0,1,0,0,1,0,0,1,0,0,0,0,0,0,0,0
0,0,1,0,0,1,0,0,0,1,0,0,1,1,0,1,0,0,0,0,0,0,0,0
1,0,1,0,0,1,0,1,0,1,0,1,1,0,0,0,0,0,0,0,0,1,0,0
1,1,1,1,1,1,1,1,1,1,0,1,1,1,0,0,0,0,0,0,0,0,1,0
1,0,1,1,1,0,1,1,0,1,1,1,0,1,0,0,1,0,0,0,0,0,0,0
1,1,1,0,1,1,1,1,1,1,0,1,1,1,1,0,0,0,0,0,0,0,0,0
1,0,1,1,1,0,1,1,0,1,1,1,0,1,0,0,1,0,0,0,0,0,0,0
1,1,1,1,0,1,0,1,1,1,1,0,1,0,0,0,0,0,0,0,0,0,0,1
1,1,0,1,1,1,1,1,1,0,1,1,1,1,0,0,0,0,0,0,1,0,0,0
1,1,1,1,0,1,0,1,1,1,1,0,1,0,0,0,0,0,0,0,0,0,0,1
1,1,0,1,0,1,1,1,1,0,1,0,1,1,0,0,0,0,0,1,0,0,0,0
1,1,1,1,0,1,0,1,1,1,1,0,1,0,0,0,0,0,0,0,0,0,0,1
1,1,1,0,1,1,1,1,1,1,0,1,1,1,1,0,0,0,0,0,0,0,0,0
1,0,1,0,0,1,0,1,0,1,0,0,1,0,0,0,0,0,0,0,0,1,0,0
1,1,1,1,1,1,1,1,1,1,1,1,1,0,0,0,0,0,0,0,0,0,1,0
1,1,1,1,0,1,0,1,1,1,1,0,1,0,0,0,0,0,0,0,0,0,0,1
1,1,1,0,1,1,1,0,1,0,0,1,1,1,1,0,0,0,0,0,0,0,0,0
1,0,1,1,0,1,1,1,0,1,1,0,1,1,0,0,0,1,0,0,0,0,0,0
1,1,1,1,0,1,0,1,0,1,1,0,1,0,0,0,0,0,0,0,0,0,0,1
1,1,1,0,1,1,1,1,1,1,0,1,0,1,1,0,0,0,0,0,0,0,0,0
1,1,0,1,1,1,1,1,1,0,1,1,1,1,0,0,0,0,0,0,1,0,0,0
1,1,1,0,1,1,1,1,1,1,0,1,1,1,1,0,0,0,0,0,0,0,0,0
0,0,1,0,0,1,0,0,0,1,0,0,1,0,0,1,0,0,0,0,0,0,0,0
1,1,1,1,1,1,1,1,1,1,1,1,1,0,0,0,0,0,0,0,0,0,1,0
1,1,1,1,0,1,0,1,1,1,0,0,1,0,0,0,0,0,0,0,0,0,0,1
1,1,1,0,1,1,1,1,1,1,1,1,1,1,1,0,0,0,0,0,0,0,0,0
1,0,1,1,1,0,1,0,0,1,1,1,0,1,0,0,1,0,0,0,0,0,0,0
1,0,1,1,0,1,1,1,0,1,1,0,1,1,0,0,0,1,0,0,0,0,0,0
1,1,1,1,0,1,0,1,1,1,1,0,1,0,0,0,0,0,0,0,0,0,0,1
0,1,1,1,0,1,0,0,0,1,1,0,1,0,0,0,0,0,1,0,0,0,0,0
1,0,1,1,1,0,1,1,0,1,1,1,0,1,0,0,1,0,0,0,0,0,0,0
1,0,1,1,1,0,1,1,0,1,1,1,1,1,0,0,1,0,0,0,0,0,0,0
1,1,1,0,1,1,1,1,1,1,0,1,0,1,1,0,0,0,0,0,0,0,0,0
0,1,1,1,0,1,0,0,1,1,1,0,1,0,0,0,0,0,1,0,0,0,0,0
1,1,0,1,1,1,1,1,0,0,1,1,0,1,0,0,0,0,0,0,1,0,0,0
1,0,1,1,0,1,1,1,0,1,1,0,1,1,0,0,0,1,0,0,0,0,0,0
1,1,1,0,1,1,1,1,1,1,0,1,1,1,1,0,0,0,0,0,0,0,0,0
1,1,0,1,1,1,1,0,1,0,1,1,1,1,0,0,0,0,0,0,1,0,0,0
1,1,1,1,1,1,1,1,1,1,1,1,1,1,0,0,0,0,0,0,0,0,1,0
1,1,0,1,1,1,1,1,1,0,1,1,1,1,0,0,0,0,0,0,1,0,0,0
1,1,1,1,1,1,1,1,1,1,1,1,1,1,0,0,0,0,0,0,0,0,1,0
1,1,1,1,1,1,1,1,1,1,1,1,1,1,0,0,0,0,0,0,0,0,1,0
1,1,1,1,1,1,1,1,1,1,1,1,1,1,0,0,0,0,0,0,0,0,1,0
1,0,1,0,0,1,0,1,0,1,0,0,1,0,0,0,0,0,0,0,0,1,0,0
1,1,1,1,0,1,0,1,0,1,1,0,1,0,0,0,0,0,0,0,0,0,0,1
1,0,1,0,0,1,0,1,0,1,0,0,1,0,0,0,0,0,0,0,0,1,0,0
0,0,1,0,0,1,0,0,1,1,0,0,1,0,0,1,0,0,0,0,0,0,0,0
1,1,1,1,0,1,0,1,1,1,1,1,1,0,0,0,0,0,0,0,0,0,0,1
1,1,0,1,1,1,1,1,1,0,1,1,1,1,0,0,0,0,0,0,1,0,0,0
1,0,1,1,0,1,1,1,0,1,1,0,1,1,0,0,0,1,0,0,0,0,0,0
0,1,1,1,0,1,0,0,1,1,1,0,1,0,0,0,0,0,1,0,0,0,0,0
0,0,1,0,0,1,0,0,0,1,0,0,1,0,0,1,0,0,0,0,0,0,0,0
1,1,0,1,1,1,1,1,1,1,1,0,1,1,0,0,0,0,0,0,1,0,0,0
1,0,1,1,1,0,1,1,0,1,1,1,0,1,0,0,1,0,0,0,0,0,0,0
1,1,1,0,1,1,1,1,1,1,0,1,1,1,1,0,0,0,0,0,0,0,0,0
1,1,1,1,0,1,0,1,1,1,1,0,1,0,0,0,0,0,0,0,0,0,0,1
1,1,1,0,1,1,1,1,1,1,0,1,1,1,1,0,0,0,0,0,0,0,0,0
1,1,1,1,1,1,1,1,1,1,1,1,1,1,0,0,0,0,0,0,0,0,1,0
1,1,1,1,1,1,1,1,1,1,1,1,1,1,0,0,0,0,0,0,0,0,1,0
1,0,1,0,0,1,0,1,0,1,0,0,1,0,0,0,0,0,0,0,0,1,0,0
1,1,1,1,0,1,0,1,1,1,0,0,1,0,0,0,0,0,0,0,0,0,0,1
1,1,1,1,0,1,0,1,1,1,1,0,1,0,0,0,0,0,0,0,0,0,0,1
0,0,1,0,0,1,0,0,0,1,0,1,1,0,0,1,0,0,0,0,0,0,0,0
1,1,0,1,0,1,1,1,1,0,1,0,1,1,0,0,0,0,0,1,0,0,0,0
1,0,1,1,0,1,1,1,0,1,1,0,1,1,0,0,0,1,0,0,0,0,0,0
0,1,1,1,0,1,0,0,1,1,0,0,1,0,0,0,0,0,1,0,0,0,0,0
0,1,1,1,0,1,0,0,1,1,1,0,1,0,0,0,0,0,1,0,0,0,0,0
0,0,1,0,0,1,0,0,0,1,0,0,1,0,0,1,0,0,0,0,0,0,0,0
1,1,0,1,1,1,1,1,1,0,1,1,1,1,0,0,0,0,0,0,1,0,0,0
1,1,1,1,0,1,0,1,1,1,1,0,1,0,0,0,0,0,0,0,0,0,0,1
1,0,1,1,1,0,1,1,0,1,1,1,0,1,0,0,1,0,0,0,0,0,0,0
1,0,1,1,0,1,1,1,0,1,0,1,1,1,0,0,0,1,0,0,0,0,0,0
1,1,0,1,0,1,1,1,1,0,1,0,1,1,0,0,0,0,0,1,0,0,0,0
0,1,1,1,0,1,0,1,1,1,1,0,1,0,0,0,0,0,1,0,0,0,0,0
1,1,1,1,1,1,1,1,1,1,1,1,1,1,0,0,0,0,0,0,0,0,1,0
1,0,1,1,1,0,1,1,0,1,1,1,0,1,0,0,1,0,0,0,0,0,0,0
1,0,1,1,0,1,1,1,0,1,1,0,1,1,0,0,0,1,0,0,0,0,0,0
0,1,1,1,0,1,0,0,1,1,1,0,1,0,0,0,0,0,1,0,0,0,0,0
1,0,1,1,1,0,1,1,0,1,1,1,0,1,0,0,1,0,0,0,0,0,0,0
1,1,1,1,0,1,0,1,1,1,1,0,1,0,0,0,0,0,0,0,0,0,0,1
1,1,1,1,1,1,1,0,1,1,1,1,1,1,0,0,0,0,0,0,0,0,1,0
1,1,1,1,1,1,1,1,1,1,1,1,1,1,0,0,0,0,0,0,0,0,1,0
1,1,1,1,0,1,0,1,1,1,1,0,1,0,0,0,0,0,0,0,0,0,0,1
1,1,1,1,0,1,0,1,1,1,1,0,1,0,0,0,0,0,0,0,0,0,0,1
1,1,1,0,1,1,1,1,1,1,0,1,1,1,1,0,0,0,0,0,0,0,0,0
1,0,1,0,0,1,0,1,0,1,0,0,1,1,0,0,0,0,0,0,0,1,0,0
0,0,1,0,0,1,0,0,0,1,0,0,1,0,0,1,0,0,0,0,0,0,0,0
1,0,1,1,0,1,1,1,0,1,1,0,1,1,0,0,0,1,0,0,0,0,0,0
1,0,1,1,1,0,1,1,0,1,1,1,0,1,0,0,1,0,0,0,0,0,0,0
1,1,1,0,1,1,1,1,1,1,1,1,1,1,1,0,0,0,0,0,0,0,0,0
1,1,1,1,1,1,1,1,1,1,1,1,1,1,0,0,0,0,0,0,0,0,1,0
1,1,0,1,0,1,1,1,1,0,1,1,1,1,0,0,0,0,0,1,0,0,0,0
1,0,1,1,0,1,1,1,0,1,1,0,1,1,0,0,0,1,0,0,0,0,0,0
1,1,0,1,1,1,1,1,1,0,1,1,1,1,0,0,0,0,0,0,1,0,0,0
1,1,0,1,0,1,1,1,1,0,1,1,1,1,0,0,0,0,0,1,0,0,0,0
1,1,1,0,1,1,1,1,1,1,0,1,1,1,1,0,0,0,0,0,0,0,0,0
1,0,1,1,1,0,1,1,0,1,1,1,0,1,0,0,1,0,0,0,0,0,0,0
0,0,1,0,0,1,0,0,0,1,0,0,1,0,0,1,0,0,0,0,0,0,0,0
1,1,1,1,0,1,0,1,1,1,1,0,1,0,0,0,0,0,0,0,0,0,0,1
1,0,1,0,0,1,0,1,0,1,0,0,1,0,0,0,0,0,0,0,0,1,0,0
1,0,1,1,0,1,1,1,0,1,0,1,1,1,0,0,0,1,0,0,0,0,0,0
1,1,1,1,0,1,0,1,1,1,0,0,1,1,0,0,0,0,0,0,0,0,0,1
1,0,1,0,0,1,0,1,0,1,0,0,1,0,0,0,0,0,0,0,0,1,0,0
1,1,1,1,0,1,0,1,1,1,1,0,1,0,0,0,0,0,0,0,0,0,0,1
1,0,1,0,0,1,0,1,0,1,0,0,1,0,0,0,0,0,0,0,0,1,0,0
1,1,1,0,1,1,1,1,1,0,0,1,1,1,1,0,0,0,0,0,0,0,0,0
0,1,1,1,0,1,0,0,1,1,1,0,1,0,0,0,0,0,1,0,0,0,0,0
1,1,1,1,1,1,1,1,1,1,1,1,1,1,0,0,0,0,0,0,0,0,1,0
1,1,1,1,0,1,0,1,1,1,1,0,1,0,0,0,0,0,0,0,0,0,0,1
1,1,1,1,0,1,0,1,1,1,1,0,1,0,0,0,0,0,0,0,0,0,0,1
0,1,1,1,0,1,0,0,1,1,1,0,1,0,0,0,0,0,1,0,0,0,0,0
1,1,1,1,0,1,0,1,1,1,1,0,1,0,0,0,0,0,0,0,0,0,0,1
0,1,1,1,0,1,0,0,1,1,1,0,1,0,0,0,0,0,1,0,0,0,0,0
1,1,1,1,0,1,0,1,1,1,1,0,1,0,0,0,0,0,0,0,0,0,0,1
1,1,0,1,1,1,1,1,1,0,1,1,1,1,0,0,0,0,0,0,1,0,0,0
0,1,1,1,0,1,0,0,1,1,1,0,1,0,0,0,0,0,1,0,0,0,0,0
1,1,1,1,1,1,1,1,1,1,0,1,0,1,0,0,0,0,0,0,0,0,1,0
1,1,1,1,1,1,1,1,1,1,1,1,1,1,0,0,0,0,0,0,0,0,1,0
0,1,1,1,0,1,0,0,1,1,1,0,1,0,0,0,0,0,1,0,0,0,0,0
1,1,0,1,0,1,1,1,1,0,1,0,1,1,0,0,0,0,0,1,0,0,0,0
1,1,1,1,0,1,0,1,1,1,0,0,1,0,0,0,0,0,0,0,0,0,0,1
1,1,1,1,0,1,0,1,1,1,1,0,1,0,0,0,0,0,0,0,0,0,0,1
1,0,1,1,0,1,1,0,0,1,1,0,1,1,0,0,0,1,0,0,0,0,0,0
0,0,1,0,0,1,0,0,0,1,0,0,0,0,0,1,0,0,0,0,0,0,0,0
1,0,1,1,0,1,1,1,0,1,1,0,1,1,0,0,0,1,0,0,0,0,0,0
1,0,1,0,0,1,0,1,0,1,0,0,1,0,0,0,0,0,0,0,0,1,0,0
1,0,1,0,0,1,0,1,0,1,0,0,1,1,0,0,0,0,0,0,0,1,0,0
1,1,1,1,1,1,1,1,1,1,1,1,1,1,0,0,0,0,0,0,0,0,1,0
1,0,1,1,0,1,1,1,0,1,1,0,1,1,0,0,0,1,0,0,0,0,0,0
1,1,1,1,0,1,0,1,1,1,1,0,1,0,0,0,0,0,0,0,0,0,0,1
1,1,0,1,0,1,1,1,1,0,1,0,1,1,0,0,0,0,0,1,0,0,0,0
1,0,1,1,0,1,1,1,0,1,1,0,1,1,0,0,0,1,0,0,0,0,0,0
1,1,0,1,0,1,1,1,1,0,1,0,1,1,0,0,0,0,0,1,0,0,0,0
1,0,1,0,0,1,0,1,0,1,0,0,0,0,0,0,0,0,0,0,0,1,0,0
0,0,1,0,0,1,0,1,0,1,0,0,1,0,0,1,0,0,0,0,0,0,0,0
0,1,1,1,0,1,0,0,1,1,1,0,1,0,0,0,0,0,1,0,0,0,0,0
1,0,1,1,1,0,1,1,0,1,1,1,0,0,0,0,1,0,0,0,0,0,0,0
1,1,1,1,1,1,1,1,1,1,1,0,1,1,0,0,0,0,0,0,0,0,1,0
0,0,1,0,0,1,0,0,0,1,0,0,1,0,0,1,0,0,0,0,0,0,0,0
1,1,1,1,0,1,0,1,1,1,1,0,1,0,0,0,0,0,0,0,0,0,0,1
1,1,1,0,1,1,1,1,1,1,0,1,1,1,1,0,0,0,0,0,0,0,0,0
1,1,0,1,1,1,1,1,1,0,1,1,1,1,0,0,0,0,0,0,1,0,0,0
1,1,1,1,0,1,0,1,1,1,1,0,1,0,0,0,0,0,0,0,0,0,0,1
1,1,1,1,0,1,0,1,1,1,1,0,1,0,0,0,0,0,0,0,0,0,0,1
1,1,1,1,0,1,0,1,1,1,1,0,1,0,0,0,0,0,0,0,0,0,0,1
0,0,1,0,0,1,0,0,0,1,0,0,1,0,0,1,0,0,0,0,0,0,0,0
0,1,1,1,0,1,0,0,1,0,1,0,1,0,0,0,0,0,1,0,0,0,0,0
1,1,1,1,0,1,0,1,1,1,1,0,1,0,0,0,0,0,0,0,0,0,0,1
1,1,1,0,1,1,1,1,1,1,1,1,1,1,1,0,0,0,0,0,0,0,0,0
0,0,1,0,0,1,0,0,0,0,0,0,1,0,0,1,0,0,0,0,0,0,0,0
1,1,0,1,1,1,1,1,1,0,1,1,1,1,0,0,0,0,0,0,1,0,0,0
1,1,0,1,1,1,1,1,1,0,1,1,1,0,0,0,0,0,0,0,1,0,0,0
1,0,1,0,0,1,0,1,0,1,0,0,1,0,0,0,0,0,0,0,0,1,0,0
1,0,1,1,1,0,1,1,0,1,1,0,0,1,0,0,1,0,0,0,0,0,0,0
1,1,0,1,1,1,1,1,1,0,1,1,1,1,0,0,0,0,0,0,1,0,0,0
1,1,0,1,0,1,1,1,1,0,1,0,1,1,0,0,0,0,0,1,0,0,0,0
1,0,1,1,1,0,1,1,1,1,1,1,0,1,0,0,1,0,0,0,0,0,0,0
1,1,1,1,0,1,0,1,1,1,1,0,1,0,0,0,0,0,0,0,0,0,0,1
1,0,1,1,0,1,1,1,0,1,1,0,1,0,0,0,0,1,0,0,0,0,0,0
1,1,1,1,0,1,0,1,1,1,1,0,1,0,0,0,0,0,0,0,0,0,0,1
1,1,1,1,0,1,0,1,1,1,1,0,1,0,0,0,0,0,0,0,0,0,0,1
0,1,1,1,0,1,0,0,1,1,1,0,1,0,0,0,0,0,1,0,0,0,0,0
1,0,1,1,0,1,1,1,0,1,1,0,0,1,0,0,0,1,0,0,0,0,0,0
1,0,1,0,0,1,0,1,0,1,0,0,1,0,0,0,0,0,0,0,0,1,0,0
1,1,1,1,0,1,0,1,1,1,1,0,1,0,0,0,0,0,0,0,0,0,0,1
1,1,0,1,1,1,1,1,1,0,1,0,1,1,0,0,0,0,0,0,1,0,0,0
0,0,1,0,0,1,0,0,0,1,0,0,1,0,0,1,0,0,0,0,0,0,0,0
1,1,1,1,1,1,1,1,1,1,1,1,1,1,0,0,0,0,0,0,0,0,1,0
1,0,1,1,0,1,1,1,0,1,1,0,1,0,0,0,0,1,0,0,0,0,0,0
0,1,1,1,0,1,0,0,1,1,1,0,1,0,0,0,0,0,1,0,0,0,0,0
1,1,1,0,1,1,1,1,1,1,0,1,1,1,1,0,0,0,0,0,0,0,0,0
1,1,0,1,0,1,1,1,1,0,1,0,1,1,0,0,0,0,0,1,0,0,0,0
1,1,1,1,1,1,1,1,1,1,1,1,1,1,0,0,0,0,0,0,0,0,1,0
0,1,1,1,0,1,0,0,1,1,1,0,1,1,0,0,0,0,1,0,0,0,0,0
1,0,1,1,0,1,1,1,0,1,1,0,1,1,0,0,0,1,0,0,0,0,0,0
1,1,1,1,0,1,0,1,1,1,1,0,1,0,0,0,0,0,0,0,0,0,0,1
0,0,1,0,0,1,0,0,0,0,0,0,1,0,0,1,0,0,0,0,0,0,0,0
1,1,0,1,0,1,1,1,1,0,1,0,1,1,0,0,0,0,0,1,0,0,0,0
1,0,1,1,0,1,1,1,0,1,1,0,1,1,0,0,0,1,0,0,0,0,0,0
0,1,1,1,0,1,0,0,1,1,1,0,1,0,0,0,0,0,1,0,0,0,0,0
1,1,1,1,1,1,1,1,1,1,1,1,1,1,0,0,0,0,0,0,0,0,1,0
1,1,1,1,1,1,1,1,1,1,1,1,1,1,0,0,0,0,0,0,0,0,1,0
1,1,1,0,1,1,1,1,1,1,0,1,1,1,1,0,0,0,0,0,0,0,0,0
1,1,1,1,0,1,0,1,1,1,1,0,1,0,0,0,0,0,0,0,0,0,0,1
1,1,0,1,1,1,1,1,1,0,1,1,1,1,0,0,0,0,0,0,1,0,0,0
0,0,1,0,0,1,0,0,0,1,0,0,1,0,0,1,0,0,0,0,0,0,0,0
1,0,1,1,1,0,1,1,0,1,1,1,0,1,0,0,1,0,0,0,0,0,0,0
1,1,1,1,0,1,0,1,1,1,1,0,1,0,0,0,0,0,0,0,0,0,0,1
0,1,1,1,0,1,0,0,1,1,1,0,1,0,0,0,0,0,1,0,0,0,0,0
1,1,0,1,0,1,1,1,1,0,1,0,1,1,0,0,0,0,0,1,0,0,0,0
1,1,1,1,0,1,0,1,1,1,1,0,1,0,0,0,0,0,0,0,0,0,0,1
1,0,1,0,0,1,0,1,0,1,0,0,1,0,0,0,0,0,0,0,0,1,0,0
1,1,0,1,1,1,1,1,1,0,1,1,1,0,0,0,0,0,0,0,1,0,0,0
1,1,0,1,0,1,1,1,1,0,1,0,1,1,0,0,0,0,0,1,0,0,0,0
